sep=;
;seg_id;start;end;speaker;transcription;translation;DI;label
0;De_Dienst_afl_5_seg_0;0 days 00:00:00;0 days 00:00:10;Inge; Ik zeg weleens, de AIVD zit tussen James Bond en das Leben in de anderen. En afhankelijk van de casus waarin je zit, vinden mensen ons heel gaaf of heel eng.; I often say that the AIVD is between James Bond and the other living people. And depending on the cases you're in, people will find it very cool or very scary.;;
1;De_Dienst_afl_5_seg_1;0 days 00:00:21;0 days 00:00:53;Liesbeth; Wanneer trekt de dienst aan de bel als er sprake is van een dreiging? Ik doorloop op uitnodiging van de AIVD een contraterrorismezaak... ...om te ervaren hoe het is om voor de geheime dienst te werken. Wat begon met een vage lied, heeft ons naar een IS-trainingskamp in Libië gebracht. Hoe kunnen we inschatten wat ons stargardt nog meer van plan is? En wat als alle media zich ermee gaat bemoeien, maar je eigenlijk niets mag zeggen?; When does the service start ringing when there is a threat? I am currently inviting the AIVD to experience what it is like to work for the secret service. What started with a vague song brought us to an IS training camp in Libya. How can we estimate what our target is? And what if all the media gets involved, but you can't really say anything?;;
2;De_Dienst_afl_5_seg_2;0 days 00:00:56;0 days 00:01:04;Bart; Wat nu de ervaring ervoor leert, is dat de media heel snel bij ons op de stoep staan... ...om te vragen wat hier aan de hand is en wat ze hier mee moeten.; The game is going to change now. What the experience has learned now is that the media is very fast on our feet. To ask what is going on here and what they have to do with it.;;
3;De_Dienst_afl_5_seg_3;0 days 00:01:07;0 days 00:01:37;Liesbeth; Mijn naam is Elisabeth Rasker. Je luistert naar de vijfde aflevering van De Dienst. Een nieuwe dag in Zoetermeer. Er zijn meerdere teams bezig met het zoeken naar Sander... ...van Oost-Zint tot het internationale CT-team. En we hebben gekeken naar de mogelijkheden van kabelinterceptie. Er zijn dus een hele hoop lijntjes uitgezet en ik loop zo snel mogelijk richting Bart... ...om te horen of het iets heeft opgeleverd. Ja, dat is zeker nieuws. En dat is ook goed nieuws. En dat is ook goed nieuws. En dat is ook goed nieuws. En dat is ook goed nieuws.; My name is Elisabeth Rasker. You are listening to the fifth episode of The Service. A new day in Zoetermeer. Several teams are looking for Sander, from OCEAN to the international CT team. And we have looked at the possibilities of cable interception. So a lot of lines have been drawn and I am walking as fast as possible towards Bart to hear if something has been delivered. Yes, that is definitely news. And that is also good news. I got some things this morning.;DI08;(1,)
4;De_Dienst_afl_5_seg_4;0 days 00:01:37;0 days 00:02:08;Bart; En dat is ook goed nieuws. En dat is ook goed nieuws. En dat is ook goed nieuws. Ik heb wat zaken vanochtend gekregen. Het team van Marja is gestuid op een foto... ...van een gemaskerde man. Die wordt onthaald door een groep strijders in Noord-Afrika. En bij de foto staat de naam Saif Aldin.; The Maya team has been stung by a photo of a masked man. He is being kidnapped by a group of fighters in North Africa. And they say that this is a very dangerous situation. He is being kidnapped by a group of fighters in North Africa. And in the photo is the name Saif Aldin.;DI08;(1,)
5;De_Dienst_afl_5_seg_5;0 days 00:02:08;0 days 00:02:13;Misaligned; Aldin. Dat is de andere naam van Sander.; That is the other name of Sander.;DI08;(1, 2)
6;De_Dienst_afl_5_seg_6;0 days 00:02:15;0 days 00:02:59;Bart; En ik heb nog andere informatie gekregen... ...van het collega-team elders in het dienst die kijken naar meneer Anas. Horen wij dat Anas Almagrabbi al een tijdje zit op te scheppen... ...tegen zijn medestrijders. Zo diep zitten ze tegen hem aan. Dat er een westerse strijder onderweg is naar zijn kamp. En hij heeft hoge verwachtingen van hem. En hij zou bereid zijn om martelaar te worden. De hek levert heel veel op. Sander is in contact getreden met Anas. Dus we hebben nu zijn IP-adres. We weten dat hij een Egyptisch prepaid-nummer heeft. En hij blijkt nu in een trainingskamp in Libië te zitten.; And I got some other information. From the colleague team Elders in the Service, who are looking for Mr. Anas. We hear that Anas Almagrabbi is always fighting his fellow fighters. They are as close to him as possible. That a western fighter is on his way to his camp. And he has high expectations of him and he would be ready to be martyred. The fence is very high. Sander has contacted Anas. We have his IP address now. We know that he has an egyptian prepaid number. And he is now in a training camp in Libya.;DI08;(1,)
7;De_Dienst_afl_5_seg_7;0 days 00:02:59;0 days 00:03:22;Liesbeth; Dus toch. Dus hij heeft die route afgelegd. Waarvan het vermoeder er al lag. En dan gaat het opeens hard. Twee leads die het vermoeden over zijn locatie flink aanwakkerden. En langzij de hek weten we zeker waar hij is. Sander zit in een IS-trainingskamp in Libië. Hoe zit het eigenlijk met de kabelinterceptie dan? Die is dus niet nodig.; So he has completed that route, from which the suspect was already there. And then it suddenly goes fast. Two leads that I suspect woken up about his location. And along the fence we know for sure where he is. Sander is in an IS training camp in Libya. How is it with the cable interception? That is not necessary.;DI08;(1, 2, 4)
8;De_Dienst_afl_5_seg_8;0 days 00:03:22;0 days 00:04:08;Bart; En gisteren hebben we nog vrij intensief contact gehad met de jurist. Verder nog met kabelinterceptie zelf. En zij zijn toch aan de gang gegaan om te kijken of het mogelijk is. Er is behoorlijk wat werk gisteravond nog aan verricht. En ik heb ze vanochtend helaas moeten zeggen dat al het werk voor niets geweest is. En dat is frustrerend. Maar ik denk dat dat ook wel met het comes with the job. Dat je een hoop geduld moet hebben om überhaupt die positie te kunnen krijgen. En op het moment dat je de positie hebt dat die misschien niet meer nodig is. Dus je hebt ook een vrij hoge frustratietolerantie nodig. Maar goed, we zitten hier met professionals die weten dat dit de aard van het werk is.; Yesterday we had intensive contact with the lawyer. Furthermore with cable interception itself. And they went to see if it was possible. There was a lot of work done last night. And I unfortunately had to tell them this morning that all the work was for nothing. And that is frustrating. But I think it can also be with the job. That you have to have a lot of patience to be able to get that position. And at the moment that you have the position that it may not be necessary anymore. So you also need a fairly high frustration tolerance. Anyway, we are here with professionals who know that this is the nature of the work.;DI08;(1, 2)
9;De_Dienst_afl_5_seg_9;0 days 00:04:08;0 days 00:04:14;Liesbeth; Dus ja, zo werkt het gewoon. Maar in ieder geval, we hebben Sander gevonden.; That's just how it works. But in any case, we found Sander.;DI08;(1, 2)
10;De_Dienst_afl_5_seg_10;0 days 00:04:14;0 days 00:05:12;Bart; We hebben Sander gevonden. Dan is er nog andere informatie. Anas Almagrebbi heeft een tweet de wereld in gestuurd. Waarin hij claimt, ik lees het even op, dat hij zeer verheugd is. Omdat een Westerse strijder zich bij hem heeft gevoegd om getraind te worden om martelaar te worden. Het spel gaat nu wel iets veranderen. Je kunt ervan uitgaan dat deze tweet internationaal opgevangen wordt. En niet alleen door inlichting- en veiligheidsdiensten, maar ook door media. Door allerlei overheden. En dit gaat wel bekend worden. Dit gaat echt wel tot wat de reuring leidde. Een Westerse strijder die martelaar wil worden vanuit ISIS. Dus hier kunnen vragen over gaan komen.; We found Sander. Then there is some other information. Anas Al-Maghrebi has sent a tweet to the world. In which he claims, I will read it for a moment, that he is very excited. Because a Western fighter has joined him. To be trained to become a martyr. The game is now going to change something. You can assume that this tweet will be received internationally. And not only by intelligence and security services, but also by the media. By all kinds of governments. And this is going to be known. This is really going to lead to some commotion. A Western fighter who wants to become a martyr. From ISIS.;DI08;(1, 2)
11;De_Dienst_afl_5_seg_11;0 days 00:05:12;0 days 00:05:26;Mixed; Is het gebruikelijk dat een tweet op die manier wordt verstuurd? ISIS, zeker in de tijd dat zij nog een staat waren, besteden heel veel tijd en moeite aan hun propaganda.; So questions can come over here. Is it usual that a tweet is sent in that way? Yes, ISIS, especially in the time they were still in power.;DI08;(1, 2, 4)
12;De_Dienst_afl_5_seg_12;0 days 00:05:26;0 days 00:06:12;Bart; En zij hebben heel vaak berichten de wereld in gestuurd op basis waarvan er een hoop onrust ontstond in de Westerse landen. Waarbij de veel foto's van belangrijke gebouwen in allerlei hoofdsteden naar voren kwamen. En waarbij er gedreigd werd met de meest vreselijke dingen. En iedere keer leidde dat toch ook wel weer tot een extra paraatheid bij de verschillende diensten. En een hoop aandacht in de media. En ook een hoop onzekerheid binnen de politiek en binnen de samenleving. We denken dat het nu wel verstandig is om de politieken, de politieken, de politieken... We denken dat het nu wel verstandig is om deze informatie tijdig richting onze politieke afnemers te gaan brengen.; Spent a lot of time and effort on their propaganda. And they have very often sent messages to the world. Based on which a lot of unrest arose in the Western countries. Where the many photos of important buildings in all kinds of capitals emerged. And where there was a threat with the most terrible things. And every time it led to an extra parade at the various services. And a lot of attention in the media. And also a lot of uncertainty within politics and society. We think it is wise to bring this information in time. Towards our politicians.;DI08;(1, 2)
13;De_Dienst_afl_5_seg_13;0 days 00:06:12;0 days 00:06:14;Liesbeth; En dat bedoel je de minister?; And you mean the minister?;DI08;(4,)
14;De_Dienst_afl_5_seg_14;0 days 00:06:14;0 days 00:07:02;Bart; Dat bedoel je de minister, verschillende ministeries, de korpschef van de landelijke eenheid, het OM. Wat we willen met dit soort zaken is dat mensen in zo'n vroegtijdig stadium, de mensen die er echt iets mee moeten... Dat die in zo'n vroegtijdig stadium worden geïnformeerd zodat zij zich ook kunnen gaan voorbereiden op eventuele acties die ze moeten gaan ondernemen. Wat je niet wilt is dat je hem door de politie laat oppakken, bijvoorbeeld op een vliegveld of in de haven. En dat er dan nog allemaal andere medestanders van hem zijn die dezelfde aanslag zouden kunnen uitvoeren. Het risico is zelfs dat op het moment dat je hem oppakt, dat je mensen in zijn omgeving allateert... En dat die in een wanhoop staat zelf tot een aanslag overgaan, dat is in het verleden ook wel gebeurd.; You mean the minister. Various ministries. The head of the national unit. The OM. What we want with these kinds of things. Is that people in such an early stage. The people who really have to do something with it. That they are informed in such an early stage. So that they can prepare themselves for any actions they have to take. What you don't want. Is that you let him pick up by the police. For example on an airport or in the harbor. And that there are all other members of him. Who could carry out the same attack. The risk is even. That the moment you pick him up. That you alert people in his environment. And that he goes to an attack in a hurry. That has happened in the past.;DI08;(1, 2)
15;De_Dienst_afl_5_seg_15;0 days 00:07:02;0 days 00:07:04;Liesbeth; Om zijn plek in te nemen?; To take his place.;DI08;(4,)
16;De_Dienst_afl_5_seg_16;0 days 00:07:04;0 days 00:07:10;Bart; Om zijn plek in te nemen en omdat ze zelf bang zijn dat ze binnenkort ook opgepakt gaan worden en dan maar zo snel mogelijk een aanslag gaan plegen.; To take his place. And because they are afraid that they will be picked up soon. And then take an attack as quickly as possible.;DI08;(1, 2)
17;De_Dienst_afl_5_seg_17;0 days 00:07:15;0 days 00:07:31;Liesbeth; Bleef het onderzoek tot nu toe binnen de muren van Zoetermeer? Het gaat nu de buitenwereld in. Stap 1 zijn de politieke afnemers, de mensen die er daadwerkelijk wat mee moeten gaan doen. Ik ga praten met iemand die namens de AFVD het contact met de Haagse vierkante kilometer onderhoudt.; Has the investigation so far been within the walls of Zoetermeer? It is now entering the outside world. Step one are the politicians. The people who really have to do something with it. I am going to talk to someone who on behalf of the AFD. Keep in touch with the Haagse square kilometer.;DI08;(1, 2, 3)
18;De_Dienst_afl_5_seg_18;0 days 00:07:31;0 days 00:07:51;Rob; Dat betekent dat ik eigenlijk advies geef aan de directeur-generaal en directeuren verder van het dienst. Politiek bestuurlijk advies eigenlijk. Of als het nodig is voor de minister dan wel via de directeur-generaal. Maar ook als er iets speelt in de media wat heel erg blikvangt of waar de AFVD een rol in heeft.; That means that I actually give advice to the director general. And the directors further from the service. Political administrative advice actually. Yes. Or if necessary for the minister. Then via the director general. But also if there is something in the media that captures a lot. Or where the AFD has a role.;;
19;De_Dienst_afl_5_seg_19;0 days 00:07:51;0 days 00:08:00;Liesbeth; Pas op, hij is adviseur bestuurlijke ondersteuning. Hij informeert de directeuren, ministers en anderen op hoog niveau over dit soort serieuze zaken waar zij iets mee moeten.; This is Rob. He is an advisor to administrative support. He informs the directors, ministers and others at a high level. About these kinds of serious matters.;;
20;De_Dienst_afl_5_seg_20;0 days 00:08:00;0 days 00:08:30;Rob; Je hebt normaal allerlei commissies in de Tweede Kamer die in het openbaar over alle onderwerpen moeten kunnen spreken. Staatsgeheimen informatie is dat wat lastig, dus er is een aparte commissie voor gemaakt. En eigenlijk puur voor de controle op het werk van de diensten. De MIVD en AIVD is er een speciale commissie, de CIVD. En mijn aflevering bereidt die ook altijd voor, voor de DG en de minister. En daar zijn wij dan ook echt leidend in. En daar heeft een communicatie bijvoorbeeld weer minder mee te maken. Omdat het ook in principe niet in de buitenwereld komt wat daar besproken wordt.; Where they have to do something with it. You normally have all kinds of committees in the House of Representatives. Which in public about all subjects should be able to speak. Yes. State secret information is a bit difficult. So there is a separate committee made for it. And actually purely for the control of the work of the services. The MIVD and AIVD is a special committee. The CIVD. And my department always prepares that for the DG and the minister. Yes. And there we are really leading. And that has less to do with communication, for example. Yes. Because that doesn't come into the outside world either.;;
21;De_Dienst_afl_5_seg_21;0 days 00:08:30;0 days 00:08:35;Liesbeth; Hoe lang werk je al voor de AIVD? Vier jaar. En hoe ben je hier terecht gekomen?; What is discussed there. How long have you been working for the AIVD? Four years. And how did you get here?;;
22;De_Dienst_afl_5_seg_22;0 days 00:08:35;0 days 00:09:09;Rob; Ik heb hiervoor in de Tweede Kamer gewerkt. Een paar jaar achter de schermen. En het leek me op een gegeven moment heel erg leuk om een bestuurlijke rol te vervullen aan de kant van de regering. En dan in het bijzondere domein veiligheid. En dat kwam heel goed samen omdat ze op dat moment dat ik op zoek was hier een bestuurlijke ondersteuner actief aan het werven waren. Ze zochten nog iemand die ook in het parlement, die daar een beetje de weg kent. Of in ieder geval de parlementaire wereld een beetje kent.; I worked here in the second room before. A few years behind the scenes. And at one point it seemed very nice to me. To fulfill a administrative role. On the part of the government. And then yes, a special domain of security. Yes. And that came together very well. Because at that moment I was looking for a administrative supporter. They were actively designing. They were actually looking for someone who was also in parliament. Who knows the way a bit. Or at least knows the parliamentary world a bit.;;
23;De_Dienst_afl_5_seg_23;0 days 00:09:10;0 days 00:09:14;Liesbeth; Je bent op de hoogte van de zaak die wij bespreken in deze serie.; You are at the height of the case that we discuss in this series.;;
24;De_Dienst_afl_5_seg_24;0 days 00:09:14;0 days 00:09:16;Rob; De zaak van Sander.; Yes.;;
25;De_Dienst_afl_5_seg_25;0 days 00:09:16;0 days 00:09:24;Liesbeth; We zijn dus nu op het punt dat hij in dat trainingskamp zit. En in overleg met Bart wordt er nu een inlichting, een bericht uitgestuurd.; The case of Sanderm. Yes. We are now at the point that he is in that training camp. And in consultation with Bart. An enlightening message is now being sent out.;;
26;De_Dienst_afl_5_seg_26;0 days 00:09:24;0 days 00:09:37;Rob; Ja, wij kijken nog mee van nou staat alles erin wat er in moet staan? Of hebben we nog opmerkingen erbij? Ook met een politiek bestuurlijke bril. Proberen we met name na te denken oké als partners dit lezen, wat voor vragen gaan ze dan stellen?; Yes. We are still looking at whether everything is in it. Exactly. What should be in it. Or do we still have comments? Also with a political administrative glasses. Yes. We are mainly trying to think about it. Okay, as partners read this. What kind of questions are they going to ask?;;
27;De_Dienst_afl_5_seg_27;0 days 00:09:37;0 days 00:09:43;Liesbeth; En hebben we daar dan ook een antwoord op? En hoe lang is zo'n bericht? Moet ik dan denken aan een groot dossier of is dit een e-mail?; And then we also have an answer to that. And how long is such a message? Do I have to think about a large file?;;
28;De_Dienst_afl_5_seg_28;0 days 00:09:43;0 days 00:09:47;Rob; Vaak 2 pager, 2 pagina's, kan korter kan langer zijn.; Or is this an email? Often two pages.;;
29;De_Dienst_afl_5_seg_29;0 days 00:09:47;0 days 00:09:50;Liesbeth; Maar meestal zit dat erin.; It can be shorter, it can be longer. Okay. But most of the time it is in there.;;
30;De_Dienst_afl_5_seg_30;0 days 00:09:50;0 days 00:10:00;Rob; En dan met een essentie van dat mensen direct in een paar bullets kunnen lezen van oké de kern zit hieronder, of is dit dit? Met daaronder een wat uitgebreidere uitleg en wat inschattingen van de dienst.; Yes. And then with an essence that people can immediately read in a few bullets. Okay, the core is down here. What is this? With a somewhat more extensive explanation.;;
31;De_Dienst_afl_5_seg_31;0 days 00:10:00;0 days 00:10:09;Liesbeth; En wat vind je van het moment in deze zaken waarop het inlichtingenbericht wordt verstuurd? Is dat vroeg, is dat laat, is dat normaal?; And some estimates of the service. And what do you think of the moment in this case in which the enlightening message is sent? Do you think that is early? Is that late? Is that normal?;;
32;De_Dienst_afl_5_seg_32;0 days 00:10:09;0 days 00:10:42;Rob; Nou ja op het moment dat we ook inschatten dat mensen vragen aan ons kunnen gaan stellen hierover. Dan komt het ook op het netverlies van mensen buiten de dienst dat er iets speelt. En als je dan toch al weet dat je vragen krijgt en je ook denkt dat het goed is dat partners op de hoogte komen dat er iets speelt. En als ze misschien daar in ieder geval over na moeten gaan denken wat ze op een later moment moeten gaan doen. Dan kan het goed zijn om daar nu al mensen actief over te informeren met zo'n inlichtingenbericht.; What should we do? Well, the moment that we also estimate that people can ask us questions about this. Then it also comes at a loss of people outside the service. If something is playing. And if you already know that you are getting questions. And you also think that it is good that partners are aware that something is playing. And that they may at least have to think about what they should do at a later moment. Can it be good to inform people about it now? With such an enlightening message.;;
33;De_Dienst_afl_5_seg_33;0 days 00:10:42;0 days 00:10:49;Liesbeth; En wordt zo'n bericht in een afgesloten kist dan naar de partners gebracht?; And is such a message brought to the partners in a closed box?;;
34;De_Dienst_afl_5_seg_34;0 days 00:10:49;0 days 00:11:07;Rob; Soms kan dat per courier nog zelfs gebeuren. Het ligt er ook een beetje aan wat voor aansluiting partners hebben. Elke van ons hebben ook een beveiligde verbinding. Dus dan kunnen wij via een beveiligde lijn een e-mail sturen met het bericht erin. Waar niet op gehandeld mag worden.; Sometimes it can even happen per courier. It also depends a bit on what kind of connection partners we have. But many of us also have a secure connection. So then we can send an e-mail via a secure line with the message in it. Yes. Where it may not be traded.;;
35;De_Dienst_afl_5_seg_35;0 days 00:11:07;0 days 00:11:10;Liesbeth; Dus het is alleen voor informatie? Eigenlijk wel.; So it's just for information? Actually yes.;;
36;De_Dienst_afl_5_seg_36;0 days 00:11:10;0 days 00:11:41;Rob; Als het gaat om een persoon of een organisatie mag je eigenlijk nooit maatregelen nemen op de persoon of organisatie op basis van een inlichtingbericht. Waarom niet? Omdat het staatsgeheime informatie is. En die informatie eigenlijk in de buitenwereld niet gebruikt mag worden. Dus je kunt er bijvoorbeeld in een rechtszaal, kan die informatie niet geopend worden. Dus dan kun je er niks mee. Je hebt nog wel een andere variant. Dat is meer een amtsbericht.; When it comes to a person or an organization. You are never allowed to take measures on the person or organization on the basis of an enlightening message. Why not? Because it is state secret information. And that information may not be used in the outside world. So you can, for example, in a court room. That information cannot be disclosed, so you can't do anything about it. You also have another variant. That is more of an official message.;;
37;De_Dienst_afl_5_seg_37;0 days 00:11:41;0 days 00:11:43;Liesbeth; Een amtsbericht? Een amtsbericht, ja.; An official message? An official message.;;
38;De_Dienst_afl_5_seg_38;0 days 00:11:43;0 days 00:12:16;Rob; Daar mogen partners wel actief op handelen. Die informatie is ook niet staatsgeheim. Daar kan eigenlijk vaak in veel korter gezegd worden vanuit de taak van het dienst en het oog van de Nationale Veiligheid. Zien we dit gevaar en heeft deze persoon betrekking. En nog wat meer informatie over de casus. En dat kan bijvoorbeeld het OM ook gebruiken, het Openbaar Ministerie, om de politie erbij te trekken en actief maatregelen op de persoon of organisatie te nemen.; Yes. Partners are allowed to act actively on that. That information is also not state secret. It can often be said much shorter. Well, from the task of the service and the eye of national security we see this danger. And it has something to do with this person. And then a little more information about the cases. Yes. For example, the OM can also use the public ministry to involve the police. And actively take measures on the person or organization.;;
39;De_Dienst_afl_5_seg_39;0 days 00:12:17;0 days 00:12:29;Liesbeth; Dus een inlichtingenbericht is staatsgeheim en enkel bedoeld om te informeren. En een amtsbericht is wat daarop volgt, waarmee daadwerkelijk actie ondernomen kan worden en waar informatie in staat die gebruikt mag worden in een rechtszaal.; So an enlightening message is state secret and only intended to inform. And an official message is what follows. With which action can actually be undertaken. And where information can be used in a court room.;;
40;De_Dienst_afl_5_seg_40;0 days 00:12:29;0 days 00:12:38;Rob; Als de dreiging heel acuut wordt en we kunnen het voldoende onderbouwen, dan gaat natuurlijk zo'n amtsbericht heel snel. Dan kan ik mondeling zelfs. Ja.; If the threat becomes very acute and we can substantiate it sufficiently. Then of course such an official message goes very quickly. I can even smear it if necessary.;;
41;De_Dienst_afl_5_seg_41;0 days 00:12:38;0 days 00:12:47;Liesbeth; Als het desnoods als het moet. In ons geval zou dat zijn als Sander bijvoorbeeld terug is gekomen naar Nederland en we wel weten wat en waar hij van plan is. Dan zou je naar het amtsbericht gaan.; In our case it would be if Sander came back to the Netherlands. And we do know what and where he is planning. Yes.;;
42;De_Dienst_afl_5_seg_42;0 days 00:12:47;0 days 00:13:53;Rob; En wat altijd meespeelt is de afweging. Want hoe langer je iemand laat lopen, hoe meer je ook van iemand te weten kan komen. Dus dat is altijd het spanningsveld tussen willen handelen en de dreiging eigenlijk aanpakken. Maar op het moment dat je dat vroeg in het proces doet, ken je minder van hem. Als we inschatten dat bericht veel doet bij partners of dat het veel beroering geeft... dan maken we ook wel de inschatting dat het goed is om een warm overdrag te doen, zo noemen we dat. Dat we eigenlijk in persoon ook het bericht overbrengen. Wekelijks is er eigenlijk een moment dat de ministers bij elkaar zitten. Waar eigenlijk wekelijks alle belangrijke berichten van de diensten ook wel besproken worden. Dus dan zit de minister-president met de minister van Veiligheid en Justitie... minister van Binnenlandse Zaken en Buitenlandse Zaken bij elkaar... om ook de belangrijkste berichten die die week ervoor of de dagen ervoor zijn uitgestuurd... te behandelen en alle onderwerpen die relevant zijn te bespreken.; Then you would go to the official message. And what always plays along is the consideration. Because the longer you let someone walk, the more you can get to know someone. So that is always the field of tension. Between wanting to act and actually tackling the threat. Yes. But the moment you do that early in the process. You also know less about him. If we estimate that the message does a lot with partners. Or that it gives a lot of touch. Then we also make the assessment that it is good to do a warm transfer. That we actually transfer the message in person. Weekly there is actually a moment that the ministers are together. Where actually weekly all important messages from the services are also discussed. So then the Prime Minister is together with the Minister of Security and Justice. Minister of Internal Affairs, Foreign Affairs. To also the most important messages that were sent out that week or the days before. To deal with all relevant subjects.;;
43;De_Dienst_afl_5_seg_43;0 days 00:13:53;0 days 00:13:56;Liesbeth; Interessante vergaderingen moeten dat zijn tussen die ministers?; To discuss. Those must be interesting meetings between those ministers.;;
44;De_Dienst_afl_5_seg_44;0 days 00:13:56;0 days 00:13:59;Rob; Ja, afhankelijk van hoe politiek het wordt.; Yes. Depending on how political it becomes.;;
45;De_Dienst_afl_5_seg_45;0 days 00:13:59;0 days 00:14:18;Liesbeth; Af en toe ook zo doen. Chips en cola. We hebben het nu natuurlijk steeds over de zaak Sander. En ook over best dat grote zaak, grote dreiging. Ik neem aan dat jullie niet tientallen van dit soort inlichtingenberichten per week eruit sturen. Hoop ik.; Sometimes I do it like that. Yes exactly. Chips and Cola. We are now of course always talking about the case Sander. And also about the big one. Well, that big case, big threat. I assume that you do not send dozens of these kinds of information messages a week. I hope.;;
46;De_Dienst_afl_5_seg_46;0 days 00:14:18;0 days 00:14:27;Rob; Nee, dat klopt denk ik wel. Het is wel een uitzonderlijke zaak inderdaad die wel echt alle aandacht vraagt.; No, I think that's right. It is indeed an exceptional case. And that really asks for all attention.;;
47;De_Dienst_afl_5_seg_47;0 days 00:14:27;0 days 00:14:31;Liesbeth; Dus het inlichtingenbericht moet geschreven worden? De partners moeten op de hoogte gesteld worden?; So the information message must be written. The partners must be raised.;;
48;De_Dienst_afl_5_seg_48;0 days 00:14:31;0 days 00:14:42;Rob; Ja, en proberen een beetje in te schatten wat politici... en als het op een gegeven moment breder in de krant terecht komt... hoe grote druk dan wordt en wat we dan moeten doen.; Yes, and try to estimate a bit what politicians ... And if it gets wider in the newspaper at some point. How big of a pressure it will be and what we have to do.;;
49;De_Dienst_afl_5_seg_49;0 days 00:14:42;0 days 00:14:44;Liesbeth; Hoe denk jij dat politici hierop zouden reageren?; How do you think the politicians would react to this?;;
50;De_Dienst_afl_5_seg_50;0 days 00:14:44;0 days 00:14:49;Rob; Ja, die gaan helemaal... die worden helemaal zenuwachtig, zullen we maar zeggen.; Yes, they are going to be completely ... They will be completely nervous, shall we say.;;
51;De_Dienst_afl_5_seg_51;0 days 00:14:49;0 days 00:14:50;Liesbeth; Ja?; Yes?;;
52;De_Dienst_afl_5_seg_52;0 days 00:14:50;0 days 00:15:03;Rob; Ja, dat is heel spannend. Want er zijn weinig zaken voor een politicus die... als het mogelijk verliest van levens door terrorism, dat is gewoon topprioriteit.; Yes, yes, yes. That is very exciting. Because there are few things for a politician ... If possible loss of life by terrorism. That is just a top priority.;;
53;De_Dienst_afl_5_seg_53;0 days 00:15:05;0 days 00:15:23;Liesbeth; Misschien naïef van mij, maar ik had me eigenlijk helemaal niet gerealiseerd... dat er binnen de dienst mensen zijn die zich speciaal richten op de Haagse contacten. Die heel belangrijk zijn, zeker als de buitenwereld lucht krijgt van lopende onderzoeken... zoals nu in onze zaakstaaten gebeuren. Want Bart komt met een nieuwe ontwikkeling aan.; Maybe naive of me. But I had not realized at all ... That there are people in the service ... Who focus on the Haagse contacts. Who are very important. Especially if the outside world gets air from current research. As is now happening in our state of affairs. Because Bart is coming up with a new development.;DI09;(1, 2)
54;De_Dienst_afl_5_seg_54;0 days 00:15:26;0 days 00:15:58;Bart; Sander heeft een tweet de wereld in gestuurd... met de volgende tekst. We gaan het Westen nieuwe doden geven om te herdenken. En dat vind ik niet... hier word ik niet blij van als ik dit hoor. En waar we eerst ook nog dachten dat het niet uitgesloten zou zijn... dat die mogelijk daarin gezet zou worden... zegt hij nu het Westen nieuwe doden geven.; Sandra sent a tweet to the world. With the following text. We are going to give the West a new death to rethink. And I don't think ... I won't be happy if I hear this. And where we first thought ... That it would not be excluded ... That it would possibly be used there. Yes. Now he says, give the West a new death.;DI09;(1,)
55;De_Dienst_afl_5_seg_55;0 days 00:15:58;0 days 00:16:08;Liesbeth; Waarbij toch wel grote kans is dat dat dus om Nederland gaat. Dat zou je kunnen hebben over dodenherdenking.; Where the big chance is that it is going around the Netherlands. You could have that about death thinking.;DI09;(1, 2)
56;De_Dienst_afl_5_seg_56;0 days 00:16:09;0 days 00:16:56;Bart; Ja, dat gevoel krijg ik er wel bij. Kijk, die tweet is nu openbaar. Dat komt waarschijnlijk vanuit ISIS-media. Dat gaat naar de sociale media binnen no time in de reguliere media. En dat ligt binnen een uur overal op tafel. En met deze formulering gaan mensen in Nederland... ook omdat die in het Nederlands gesteld is... dat gaat om doden geven om te herdenken. En met dodenherdenking in de nabije toekomst... gaan mensen dat in ieder geval denken. Wat nu de ervaring in ieder geval leert... is dat de media heel snel bij ons op de stoep staan...; Yes, I get that feeling. Look, that tweet is now public. That comes from probably from ISIS media. That goes to the social media. Within no time in the regular media. And that lies within an hour. Everywhere on the table. And with this formulation ... People go to the Netherlands. Also because it is Dutch. It's about giving death to rethink. And with death thinking in the near future. People are going to think that anyway. What the experience now at least learns is that ... The media are very quick to get to us.;DI09;(1, 2)
57;De_Dienst_afl_5_seg_57;0 days 00:16:56;0 days 00:17:11;Mixed; om te vragen wat hier aan de hand is en wat ze hiermee moeten. Ik heb ook al een smsje gekregen van onze woordvoerder... met de vraag wat weten wij en wat kunnen we naar buiten brengen. Die woordvoerder wil ik wel spreken...; To ask what is going on here and what they have to do with it. I have also received an SMS from our spokesperson. With the question, what do we know and what can we bring out? I want to speak to that spokesperson.;DI09;(1, 2, 3)
58;De_Dienst_afl_5_seg_58;0 days 00:17:11;0 days 00:17:14;Liesbeth; want dat lijkt me geen makkelijke positie.; Because that doesn't seem like an easy position for me.;;
59;De_Dienst_afl_5_seg_59;0 days 00:17:14;0 days 00:17:26;Inge; Woordvoerders leven vaak juist op de onverwachte dingen. De spanning van het moment, de snelheid die er nodig is... het overleg dat je met deze en gene moet hebben... is soms heel irritant.; Speakers often live on the unexpected things. The tension of the moment. The speed that is needed. The conversation that you have to have with this and that. Is sometimes very irritating.;;
60;De_Dienst_afl_5_seg_60;0 days 00:17:27;0 days 00:17:39;Liesbeth; Maar het maakt ook wel dat het heel dynamisch is. Dit is Ingem. Zij staat namens de AIVD onder andere journalisten te woord. Die natuurlijk alles willen weten van dingen die vrijwel altijd geheim zijn.; But it also makes it very dynamic. This is Ingem. She stands on behalf of the AFD to become a journalist. Of course, who wants to know everything about things that are almost always secret.;;
61;De_Dienst_afl_5_seg_61;0 days 00:17:40;0 days 00:18:06;Inge; We zitten als organisatie op twee sporen. Ik zeg weinig, de AIVD zit tussen James Bond en das Leben in de anderen. En afhankelijk van de casus waarin je zit... vinden mensen ons heel gaaf of heel eng. Dertussen zit niet zo heel veel. Mijn collega's werken dus bij een organisatie... die continu in dat spectrum beweegt. Waarbij de sympathie niet altijd groot is...; As an organization we are on two tracks. I often say that the AFD is between James Bond and Das Leben der Anderen. Depending on the cases you are in, people will find it very cool or very scary. In the meantime, there is not much. My colleagues work at an organization that continues to move in that spectrum. Where the sympathy is not always great.;;
62;De_Dienst_afl_5_seg_62;0 days 00:18:06;0 days 00:18:28;Liesbeth; terwijl de inzet wel heel groot is. Maar jij zit daarin best op een dubbel spoor. Als woordvoerder voor een bedrijf of voor een instantie... die eigenlijk liever niks wil vertellen. Ik wil heel veel vertellen. Ik kan alleen niet alles vertellen. Ik snap dat je zegt we kunnen heel veel wel vertellen...; While the commitment is very big. But you are on a double track. As spokesperson for a company or for an institution that actually doesn't want to tell anything. I want to tell a lot. I can't tell everything. I understand that you say that you can tell a lot.;;
63;De_Dienst_afl_5_seg_63;0 days 00:18:28;0 days 00:18:31;Inge; maar uiteindelijk kunnen jullie meer niet vertellen dan wel vertellen.; But in the end you can't tell more than you can tell.;;
64;De_Dienst_afl_5_seg_64;0 days 00:18:31;0 days 00:18:39;Liesbeth; Voor goede redenen. De meest spannende dingen kan ik helaas niet vertellen. En dat is ook het frustrerende van hier woordvoering doen.; For good reasons. Unfortunately, I can't tell the most exciting things. And that is also the frustrating thing about being a spokesperson.;;
65;De_Dienst_afl_5_seg_65;0 days 00:18:39;0 days 00:18:55;Inge; Dat de meeste successen of de dingen waar je trots op bent... of de dingen die we kunnen, de dingen die we weten... en die zo belangrijk zijn voor de veiligheid van dit land. En daar kan je dan niks over zeggen.; That the most successes or the things you are proud of. Or the things we can do. The things we know and that are so important for the safety of this country. And then you can't say anything about it.;;
66;De_Dienst_afl_5_seg_66;0 days 00:18:55;0 days 00:19:05;Liesbeth; Dat is soms echt heel frustrerend. Dat merkte ik ook een beetje in de interviews in de afgelopen dagen. Wat anders dan? Op een gegeven moment vertelt iemand iets en dan wil je weten...; That is sometimes really frustrating. I noticed that a bit in the interviews in the past few days. At some point someone tells something.;;
67;De_Dienst_afl_5_seg_67;0 days 00:19:05;0 days 00:19:11;Inge; en wat gebeurt er dan? En dan kan dat niet verteld worden. Dan moet je bij ons komen werken.; And then you want to know what happens next. And then that can't be told. Then you have to come and work with us.;;
68;De_Dienst_afl_5_seg_68;0 days 00:19:12;0 days 00:19:15;Liesbeth; Misschien moet ik dat dus toch maar eens gaan overwegen...; Maybe I should just consider that.;;
69;De_Dienst_afl_5_seg_69;0 days 00:19:15;0 days 00:20:13;Inge; want dan mag je het allemaal wel te weten krijgen. Maar de veiligheid van die mensen die dus met ons werken... en de mensen die voor ons werken, is heilig, staat bovenaan. Dat is dus ook heel frustrerend. Ik blijf het woord noemen. Ik ben geen gefrustreerde woordvoerder... maar het is soms best heel ingewikkeld als mensen in de buitenwereld... om dingen te zeggen over wat ze zouden doen... of dat ze met ons zouden samenwerken. En ik kan niet zeggen dat het niet zo is... en ik kan niet zeggen dat het wel zo is. Maar over een of andere wappie kan ik ook niet zeggen... die kan wat roepen, die kan zeggen... ja, ik heb contact met de AIVD. Je moet er maar eens op Twitter kijken. Het is echt heel grappig hoeveel mensen ook via Twitter denken... of dingen zeggen dat ze contact met ons hebben... of dat ze het wachtwoord van de AIVD hebben. Kijk, journalistieke aandacht voor het werk dat wij doen is heel goed. Als een van onze taken als AIVD... is het beschermen van de democratische rechtsorde.; Because then you can get to know it all. But the safety of those people who work with us. And the people who work in front of us. Is sacred. It is above. Also very frustrating. I keep saying the word. I am not a frustrated spokesperson. But it is sometimes quite complicated. When people in the outside world say things. About what they would do. Or that they would work with us. And I can't say it's not like that. And I can't say it is like that. But I can't say about one or the other Wappie. He can shout something. He can say I have contact with the AIVD. You just have to look at Twitter. Or how many people also think via Twitter. Or say things. About that they have contact with us. Or that they have the waiting word of the AIVD. Look. Journalistic attention to the work we do is very good. As one of our tasks as AIVD. Is to protect the democratic order of law.;;
70;De_Dienst_afl_5_seg_70;0 days 00:20:13;0 days 00:20:15;Liesbeth; Nou, dat doen wij op onze manier.; Yes.;;
71;De_Dienst_afl_5_seg_71;0 days 00:20:15;0 days 00:20:47;Inge; Journalistiek heeft daar een hele eigen rol in. Dus de interesse van de journalistiek voor wat we doen en hoe we doen... is heel goed. En ik snap ook de interesse in al die spannende kanten van ons werk. Weet je, welke film of serie of je bekijkt of welk boekje leest... dat zijn ook hele mooie verhalen. En die zouden zomaar ook wel eens waar kunnen zijn. Soms overtreft de werkelijkheid fictie en vice versa.; Well, we do that in our own way. Journalism has a very own role in it. And so the interests of journalism. For what we do and how we do. Is very good. And I also understand the interests. In all those exciting aspects of our work. You know. Which movie or series. Or you watch or which book you read. Those are also very beautiful stories. And yes, they could be true sometimes. Sometimes exceeds reality, fiction. And vice versa.;;
72;De_Dienst_afl_5_seg_72;0 days 00:20:47;0 days 00:21:07;Liesbeth; Maar hierin heeft bijvoorbeeld de Nederlandse geheime dienst... dus de AIVD, best een andere positie dan een Amerikaanse dienst als de CIA. Daar komen wel regels, maar soms verhalen naar boven... van bijvoorbeeld 25 jaar geleden. De rol die ze daarin hebben gespeeld in oude missies, wordt wel verteld. Hier is dat helemaal niet zo.; Yes. But here, for example, the Dutch secret service. So the AIVD. Quite a different position. Than an American intelligence agency like the CIA. That's where stories come from. For example, 25 years ago. The role they played in that. In old missions. Is told.;;
73;De_Dienst_afl_5_seg_73;0 days 00:21:07;0 days 00:22:08;Inge; Nee, wat dat betreft hebben wij te maken ook met regels... en hoe lang je bepaalde informatie ook niet kan vrijgeven. Er liggen heel wat documenten ook bij het Nationaal Archief, dossiers van ons. Volgens onderzoekers natuurlijk nog te weinig en het zou meer moeten zijn. Maar we hebben daar ook afspraken mee dat als het echt gaat om bronbescherming... dan mag ook niet zomaar iedereen erbij. Maar we proberen wel zo open mogelijk te zijn. Wat vind je er dan eigenlijk van dat wij deze podcast nu aan het maken zijn? Ik vind het ontzettend leuk, omdat het een... ik net als eigenlijk iedereen heel graag over mijn werk vertel. En deze podcast geeft natuurlijk de gelegenheid om te laten zien... wat gebeurt er nou in deze organisatie? Wat doen we? Wat doen nou verschillende mensen? Welke rol hebben ze in dat werk van de AIVD? Ik kan het alleen maar toejuichen.; Here that is not the case at all. No, we have. As far as that is concerned. We also have to do with rules. And how long you can't release certain information. There are a lot of documents. Also at the National Archives. Dossiers of us. According to researchers. Of course too little. And it should be more. But we also have agreements with that. If it really comes to source protection. Then not everyone is allowed to be there. But we try to be as open as possible. What do you think of the fact that we are making this podcast now? I think it's incredibly nice. Because it's a ... I, just like everyone else. I really like to talk about my work. And this podcast. Of course gives the opportunity to show. What is happening in this organization? What do we do? What do different people do? What role do they have in the work of the AIVD? Yes, it can only encourage.;;
74;De_Dienst_afl_5_seg_74;0 days 00:22:08;0 days 00:22:09;Liesbeth; Daarom zit ik ook hier.; Yes.;;
75;De_Dienst_afl_5_seg_75;0 days 00:22:09;0 days 00:22:46;Inge; Ja, maar er wordt nog steeds streng meegeluisterd met onze opnames. Kijk, we wilden onze mensen zo vrij mogelijk met jou laten praten... om te vertellen wat het werk is, wat ze doen, hoe ze dat doen, wat ze erbij ervaren. Maar ook daar geldt weer. Het mag hen niet in gevaar brengen. Het mag ons werk nooit in gevaar brengen. Het mag de mensen met wie we, voor wie we ons werk doen, niet in gevaar brengen. We hebben een wettelijke plicht om bepaalde dingen geheim te houden. Dus daar zullen we heel zorgvuldig mee moeten omgaan. Deze podcast zal niet een geheim onthullen. Helaas, sorry.; That's why I'm here too. Yes, but there is still strictly listened to. With our recordings. Look, we wanted to let our people talk to you as freely as possible. To tell you what the work is. What they do. How they do it. What they experience with it. But that also applies again. It may not endanger them. It may never endanger our work. It may not endanger the people we work with, for whom we do our work. We have a legal obligation. To keep certain things secret. So we will have to deal with that very carefully. This podcast will not reveal a secret. Unfortunately.;;
76;De_Dienst_afl_5_seg_76;0 days 00:22:46;0 days 00:22:55;Liesbeth; Nee, dat valt tegen. Kun je nog een beetje normaal de krant lezen of naar een nieuwsprogramma kijken?; Sorry. No. No, that's not true. Yes. Yes. Can you still read a normal newspaper? Or watch a news program?;;
77;De_Dienst_afl_5_seg_77;0 days 00:22:55;0 days 00:23:09;Inge; Oh, zeker, zeker. Maar ik denk dat dat voor iedereen geldt. Het maakt niet uit in welk veld je werkzaam bent. Als je veel verstand hebt van een onderwerp... denk ik dat iedereen wel eens dingen ziet of hoort en zegt...; Oh, sure. Sure. But I think that applies to everyone. It doesn't matter in which field you are active. If you have a lot of knowledge of a subject. I think that everyone sees or hears things and says, yes, but that's not right.;;
78;De_Dienst_afl_5_seg_78;0 days 00:23:09;0 days 00:23:11;Liesbeth; ja, maar dat klopt helemaal niet. Of zo ervaar ik het zelf helemaal niet.; Or I don't experience it myself at all.;;
79;De_Dienst_afl_5_seg_79;0 days 00:23:11;0 days 00:24:03;Inge; Of bij ons gaat dat heel anders. Wat kun je thuis bespreken? Oh, heel veel. Weer, heel veel. Want ik werk met collega's, ik werk met mensen. Nou, ik weet niet waar jij het over hebt. Als je... Het meeste gesprekken thuis over werk gaan volgens mij... over dingen die je met collega's meemaakt, van collega's hoort... dingen die gebeuren in een organisatie. We zijn natuurlijk ook een hele gewone organisatie... waar met personeels dingen en... Ja, weet je, zoals elke organisatie... is het ook een groep mensen die met elkaar iets tot stand proberen te brengen. Ja. Mijn man vindt het wel saai. Die vond mijn vorige werk leuker. Daar kon ik iets meer over vertellen. Ook niet alles, maar daar kon ik wel iets meer over vertellen. En nu is het vaak... zeg ik alleen maar dat ik per se iets wil zien... dat ik het journaal vanavond even wil zien. En dan begrijpt hij pas waarom ik dan het journaal had willen zien.; Or, you know, with us it goes very differently. What can you discuss at home? Oh, a lot. Again. A lot. Because I work with colleagues. I work with people. Well, I don't know what you're talking about. Most conversations at home are about work, I think. About things you experience with colleagues. About what colleagues hear. Things that happen in an organization. We are of course also a very ordinary organization. Where, with staff, things. And yes, you know, like every organization. There is also a group of people who try to bring something to the table with each other. Yes. Yes. My husband thinks it's boring. He liked my previous work more. I could tell a little more about it. Not everything, but I could tell a little more about it. And now it's often ... I only say that I want to see something. That I want to see the newspaper tonight. And then he only understands why I wanted to see the newspaper.;;
80;De_Dienst_afl_5_seg_80;0 days 00:24:04;0 days 00:24:37;Liesbeth; We gebruiken natuurlijk de zaak van Sander... om een beetje als vehikel om te kunnen duiden wat de AIVD doet... omdat we natuurlijk weinig kunnen vertellen over wat jullie echt doen... of in ieder geval niet over lopende zaken. Daar hebben we Sander voor. Maar stel, dit is een echte zaak, zoals Sander nu loopt. Het onderzoek loopt dan de hele tijd. Er is redelijk zicht op wat u zou kunnen gaan doen. En dan ben jij aan zet. Wat ga je over Sander vertellen? Saai werk, man. Over Sander niets. Kijk, wat er over Sander op dit moment buiten ligt...; We of course use Sander's case as a vehicle to be able to explain what the AIVD does. Because of course we can't tell you much about what you really do. Or at least not about current affairs. We have Sander for that. But imagine this is a real case. Like Sander is now. The investigation is going on all the time. There is a good view of what he could do. And then you are on set. What are you going to tell about Sander? Nothing. Boring work, man. Nothing about Sander.;;
81;De_Dienst_afl_5_seg_81;0 days 00:24:37;0 days 00:26:57;Inge; is één tweet waarin hij iets dreigends vertelt. Maar wat wij werkelijk weten van Sander... wat we weten hoe ver het staat met de plannen van Sander... dat ga ik allemaal in het einde van het einde van het einde van het einde van het einde van het einde... Hoe ver het staat met de plannen van Sander... dat ga ik allemaal niet vertellen. Waar het op aankomt nu is dat... wederom politie, het Openbaar Ministerie in dit geval... hun werk kunnen doen met de informatie die wij hebben over Sander... om vervolgens daarmee de dreiging weg te nemen. Mijn werk, het woordvoeren over wat we doen... mag nooit zo'n onderzoek in gevaar brengen. Maar de tweet is in de buitenwereld. Daar wordt over gebeld, dat vertelde Bart al. In de fictieve casus, Bart belt of iemand uit zijn team belt met woordvoering... en zegt, joh, er is een tweet uit. Misschien hebben wij al telefoontjes gekregen. Het kan ook wel andersom zijn dat wij met een team bellen... en zeggen, we krijgen hier vragen, hoe zit dit? En in dit geval hangt het er dus van af... of er verder gebeurt in de casus... in hoeverre wij daar woordvoering over gaan doen. Soms zit het erin dat je als een journalist belt en zegt... we hebben deze tweet gezien. Zijn jullie al in opperste staat van paraat uit? Zijn jullie opgeschaald? Wat zeg je dan? Natuurlijk zien wij dit soort tweets ook. En we kunnen niet zeggen wat we wel of niet daarmee doen. Als er tweets worden gezien, dan wordt daar op de manier... zoals dat nodig is, wordt daarop gehandeld. En of wij dat zijn, of dat de politie is... in de vorm van een wijkagent. We kennen de casus ook helemaal niet in de buitenwereld. We hebben alleen maar één tweet van iemand die iets roept. Hoe gevaarlijk is die nou daadwerkelijk? Soms kan je misschien wel iets met een wijkagent... die bij iemand die een beetje in de war is iets doen. Misschien moet er een heel arrestatieteam naar binnen. Dat vraagt heel wat meer voorbereiding en dergelijke. Ook aan de woordvoeringkant? Ook aan de woordvoeringkant. Want op het moment dat iemand zo'n arrestatieteam ziet rijden... dan moet je wel je verhaal klaar hebben.; Look, what is out there about Sander at the moment is one tweet. In which he tells something threatening. But what we really know about Sander. What we know, how far it is with Sander's plans. I'm not going to tell you all that. What it comes down to now is that, again, the police, the public administration in this case. They can do their job with the information we have about Sander. To then take away the threat with it. My work, the talking about what we do, can never endanger such research. But the tweet is out there in the outside world. In the fictitious cases, Bart calls or someone from his team calls with wording. And says, hey, there's a tweet. Well, maybe we've already got some phone calls. So it could also be the other way around. That we call a team and say, we're getting questions here. How is this? And in this case, it depends on what is going on in the outside world. What is going on in the outside world. What is going on in the outside world. What is going on in the outside world. And in this case, it depends on what happens further in the cases. In how far we are going to talk about it. Sometimes it's in there that you, as a journalist, say, we've seen this tweet. Are you already ready? Are you already in a state of readiness? Are you scaled up? What do you say then? Of course we also see this kind of tweets. And we can't say what we will or won't do with it. If this kind of tweets are seen, then the way it is needed is treated there. And whether we are that, whether it is the police or in the form of a district agent. We don't know the cases at all in the outside world. We only have one tweet from someone who is calling something. How dangerous is he actually? Sometimes you can do something with a district agent who is a bit in the bar. Maybe there should be a whole arrest team inside. Yes, that requires a lot more preparation and so on. Also on the wording side? Also on the wording side. Because the moment someone sees such an arrest team driving, then you have to have your story ready.;;
82;De_Dienst_afl_5_seg_82;0 days 00:27:02;0 days 00:27:31;Liesbeth; Terwijl Inge zich bezighoudt met bellende journalisten... ga ik terug naar Sander en overleg ik met Bart... wat er verder moet gebeuren. Want het belangrijkste lijkt me dat we blijven weten waar hij is... en vooral of hij naar Nederland komt. Dus dat lijkt me dat je dat dan met Europese diensten... maar ook met de Marsechaussee in de gaten houdt... of hij terug naar Nederland komt. En als hij in beweging komt in Libië, als hij dat kamp uitgaat... dat we hem volgen.; While Inge is busy with calling journalists, I go back to Sander. And I discuss with Bart what needs to happen next. Because it seems to me the most important thing is that we keep knowing where he is. And especially whether he comes to the Netherlands. So it seems to me that you do that with European services. But also with the Mara Socher, keeping an eye on whether he comes back to the Netherlands. And if he comes into action in Libya, if he leaves that camp, that we follow him. That we know where he goes.;DI10;(1, 2)
83;De_Dienst_afl_5_seg_83;0 days 00:27:31;0 days 00:27:38;Mixed; Dat we weten waar hij heen gaat. Het is nu wel zo natuurlijk dat de buitenwereld geallerteerd is.; Of course, the outside world is now alerted.;DI10;(1,)
84;De_Dienst_afl_5_seg_84;0 days 00:27:38;0 days 00:29:19;Bart; Het is nu bomvol in de media, iedereen gaat hier vanaf weten. Dat maakt het lastig voor het onderzoek. Tegelijkertijd, omdat het in de media is geweest... zijn we nu in de gelegenheid om het OM, het Openbaar Ministerie... te gaan informeren dat er een mogelijke dreiging is. Dat is er ook een noodzaak toe. Op het moment dat hij nu terug gaat komen... moeten we ervoor zorgen dat de politie voldoende positie heeft opgebouwd... op het moment dat hij terugkomt, echt controle op hem kunnen gaan krijgen. En dan die zaak op gaan bouwen, een eigen zaak op gaan bouwen. Daarvoor is het belangrijk dat wij hen zoveel informatie geven... dat zij voldoende haakjes hebben om zelf dingen te kunnen gaan doen. We sturen een amtsbericht naar de landelijke officier van justitie. Die, zoals ik eerder al had verteld, heeft al meegelesen in de hele zaak. Is zelf op de hoogte. Maar die willen heel graag de politie informeren. Wij willen heel graag een hele sterke zaak opbouwen... om enerzijds de aanslag te voorkomen. Maar tegelijkertijd er ook voor zorgen dat we zoveel mogelijk weten... over het netwerk van Sander. Zodat we ook toekomstige aanslagen kunnen voorkomen. Waardoor de zaak zo groot mogelijk is en zo hard mogelijk is... om de politie zo goed mogelijk te laten ingrijpen. Want om nogmaals een keer te benadrukken... wij mogen eigenlijk niets. Wij hebben geen executieve taken. Wij kunnen niemand arresteren, we kunnen niemand achterover trekken. Dus we moeten er echt voor zorgen... dat de politie zo goed mogelijk uitgerust is... om ervoor te zorgen dat ze deze dreiging kunnen keren. Dat doen we dus door middel van een amtsbericht.; It is now full of bombs in the media. Everyone is going to know about this. On the one hand, that makes it difficult for the investigation. At the same time, because it has been in the media, we are now in the opportunity to inform the OM, the public ministry. That there is a possible threat. That is also an emergency. When he comes back, we have to ensure that the police have built enough positions. So that when he comes back, they can really get control of him. And then build up that case, build up an own case. It is important that we give them so much information. That they have enough hooks to be able to do things themselves. We are sending an emergency message to the national officer of justice. Who, as I said earlier, has already read it in the whole case. He himself is on the lookout. But they really want to inform the police. And he really wants to build a very strong case. To prevent the attack on the one hand. But at the same time also to ensure that we know as much as possible about the network of Sander. So that we can also prevent future attacks. So that the case is as big as possible. And as hard as possible. To really let the police intervene as well as possible. Because to emphasize again. We actually don't allow anything. We don't have executive duties. We can't arrest anyone. We can't pull anyone back. So we really have to make sure that the police are as well equipped as possible. To make sure that they can face this threat. We do that through an emergency message.;;
85;De_Dienst_afl_5_seg_85;0 days 00:29:19;0 days 00:29:37;Liesbeth; We moeten dus een amtsbericht gaan schrijven... zodat de politie aan de slag kan. In dat amtsbericht willen we zoveel mogelijk zetten... waar zij een zaak mee kunnen bouwen. Maar we zitten ook met het belang van bronbescherming. Deze informatie komt uit bijzondere inlichtingemiddelen... zoals tappen en gesprekken met onze bronnen.; Okay, so we have to start writing an emergency message. So that the police can take action. In that emergency message we want to put as much as possible. Where they can build a case with. But we are also concerned with source protection. Because part of this information comes from special intelligence. Such as steps and conversations with our sources.;;
86;De_Dienst_afl_5_seg_86;0 days 00:29:37;0 days 00:29:50;Bart; Dan moet je ervoor zorgen dat die informatie die daarin staat... die dan ook bij de advocaten en bij de tegenpartij terechtkomen... moet je ervoor zorgen dat die informatie... niet terug herleidbaar is naar ons bronnen.; Then you have to make sure that the information that is in there. Which then also comes to the lawyers and the counterpart actually. You have to make sure that that information is not redirected back to our sources.;;
87;De_Dienst_afl_5_seg_87;0 days 00:29:50;0 days 00:29:52;Liesbeth; Linda en de docent.; Well, Linda and the teacher.;;
88;De_Dienst_afl_5_seg_88;0 days 00:29:52;0 days 00:30:00;Bart; Bijvoorbeeld, maar ook de manier waarop we bijvoorbeeld... dat trainingskamp gehakt hebben. Waarop we die meneer Anas hebben gehakt.; For example, but also the way in which we have hacked that training camp. Why we hacked that Mr. Anas.;;
89;De_Dienst_afl_5_seg_89;0 days 00:30:00;0 days 00:30:04;Liesbeth; Dat moet hij natuurlijk niet weten. Dat moet hij niet weten.; Oh yes, yes. Of course he shouldn't know that.;;
90;De_Dienst_afl_5_seg_90;0 days 00:30:04;0 days 00:30:16;Bart; Want je wil eigenlijk zo lang mogelijk kunnen genieten... van die positie die je op hem hebt. Dus je zit met de moeilijkheid... dat je zoveel mogelijk informatie wil geven... maar dat je tegelijkertijd je bronnen moet beschermen.; He shouldn't know that. Because you actually want to be able to enjoy the position you have on him for as long as possible. So you have the difficulty that you want to give as much information as possible. But at the same time you have to protect your sources.;;
91;De_Dienst_afl_5_seg_91;0 days 00:30:16;0 days 00:30:29;Liesbeth; En je modus operandi. En je modus operandi. Ik snap natuurlijk dat het de samenwerking is... tussen de dienst en tussen die partijen. Maar het voelt toch ook een beetje... alsof je dan net voor het einde eruit moet stappen.; Yes, and your modus operandi. And your modus operandi. Yes, yes, of course I know what the cooperation is between the service and those parties. But it also feels a bit like you have to step out just before the end.;;
92;De_Dienst_afl_5_seg_92;0 days 00:30:29;0 days 00:31:13;Bart; Zo voelt het af en toe. Het grootste succes voor ons is... we werken eigenlijk toe naar dat AMS-bericht. Op het moment dat we dat AMS-bericht gemaakt hebben... dan valt er eigenlijk... er valt toch een beetje een deel van de verantwoordelijkheid... kunnen we dan gaan delen met anderen. Dus daar waar jij tot op heden de hoofdverantwoordelijke bent geweest... voor het tegengaan van een aanslag door Sander... als bewerker... je kunt nu een klein beetje achterover gaan leunen... en zeggen van oké, mijn positie is nog steeds belangrijk... ik voel me nog steeds verantwoordelijk... maar het OM en politie hebben het nu overgenomen... en die gaan proberen om die aanslag te voorkomen.; Yes, that's how it feels from time to time. The biggest success for us is actually that we actually work towards the emergency message. Yes. At the moment that we have made the emergency message. Then there is actually a part of the responsibility that we can then share with others. So where you have been the main responsible until now. For the counter-attack by Sander, you as a worker. You can now lean back a little bit and say, okay, my position is still important. I still feel responsible. But the OM and the police have taken over now. And they are going to try to prevent that attack.;;
93;De_Dienst_afl_5_seg_93;0 days 00:31:18;0 days 00:31:55;Liesbeth; Bart zei het al, de dynamiek is veranderd. Een heel klein stukje van de zaak ligt nu in de buitenwereld. Politie en OM worden op de hoogte gebracht... en alle ogen zijn gericht op het trainingskamp in Libië. In de volgende en laatste aflevering van deze serie... hoor je hoe de zaak van Sander afloopt. Dit was de vijfde aflevering van De Dienst... een podcast van de AFVD. Abonneer je nu zodat je niets van het onderzoek hoeft te missen... en laat ons vooral weten wat je van deze serie vindt... via een recensie in je favoriete podcast-app.; Bart already said it, the dynamic has changed. A very small part of the case is now in the outside world. The police and the OM are brought to the top. And all eyes are focused on the training camp in Libya. In the next and final episode of this series, you will hear how Sander's case is going down. This was the fifth episode of De Dienst, a podcast by the AFVD. Subscribe now so you don't have to miss any of the research. And let us know what you think of this series through a review in your favorite podcast app.;;
