seg_id;start;end;speaker;transcription;translation
De_Dienst_afl_4_seg_0;0 days 00:00:00;0 days 00:00:05;Liesbeth; Privacy, hallo, het rechte privacy heb je nu verspeeld, want...; Privacy? You've just played the role of privacy.
De_Dienst_afl_4_seg_1;0 days 00:00:05;0 days 00:00:08;Bart; Nee, dat heb je nooit verspeeld.; No, I've never played it. Never.
De_Dienst_afl_4_seg_2;0 days 00:00:08;0 days 00:00:21;Mixed; Nooit. Hoe ver kun je gaan om een aanslag te voorkomen?; How far can you go to prevent an attack?
De_Dienst_afl_4_seg_3;0 days 00:00:21;0 days 00:00:25;Liesbeth; En hoe ver mag ik gaan in het schenden van iemands privacy?; And how far can I go in the guise of someone's privacy?
De_Dienst_afl_4_seg_4;0 days 00:00:25;0 days 00:00:34;Bart; Je wil niet in een land wonen waarin de controle op je bevolking... dermate groot is dat je van iedereen weet waar ze op welk moment zijn.; You don't want to live in a country... ...where the control is on your population. It's so big that you know from everyone where they are at what time.
De_Dienst_afl_4_seg_5;0 days 00:00:36;0 days 00:00:55;Liesbeth; Het is mijn vierde dag bij de IVD. De geheime dienst die bij hoge uitzondering de voordeur een klein beetje op een kier zet... door mij mee te laten lopen in een case. Vandaag ga ik verder met het onderzoek, wat dankzij Ocint een heel stuk verder is gekomen. Ik ben benieuwd naar de nieuwste ontwikkelingen... en hoe nieuwe technieken mij verder kunnen helpen in deze zaak.; It's my fourth day at the IFD. The secret service, which at a high expense... ...puts the front door a little bit on its way... ...by letting me walk in a case. Today I'm going to continue with the research... ...which has come a long way thanks to OSINT. I'm curious about the latest developments... ...and also how new techniques can help me further in this case.
De_Dienst_afl_4_seg_6;0 days 00:00:55;0 days 00:01:13;Mark; Er was een vrij negatief beeld in het publiek. Dat er een sleepwet en heel veel privacy geschonden wordt... van heel veel onschuldige burgers, dat we hele wijken zouden tappen. Dat het complexe materie is, maar we er niet zoveel over kwijt kunnen... is het wel lastig om een echt scherpe beeldvorming te kunnen plaatsen.; There was a rather negative image in the audience. That there was a draft law and a lot of privacy was given... ...by a lot of innocent citizens. That whole neighborhoods would tap. That it is a complex matter... ...but we can't get over it so much... ...it is difficult to place a really sharp image.
De_Dienst_afl_4_seg_7;0 days 00:01:15;0 days 00:01:43;Liesbeth; Mijn naam is Liespe Trasker. Welkom bij aflevering vier van De Dienst. Dag vier in Zoetermeer. Ocint heeft het filmpje van Sander bij de demonstratie gevonden... en de telefoontap is aangesloten. Voordat zo'n tap goedgekeurd wordt, is er een heel juridisch proces aan vooraf gegaan... want iemand wordt niet zomaar afgeluisterd. Er moet een last worden geschreven. Dat klinkt allemaal heel amtelijk, maar het is heel belangrijk.; My name is Liesbeth Rasker. Welcome to episode 4 of The Service. Day 4 in Zoetermeer. OSINT has found the video of Sander at the demonstration... ...and the telephone tap is connected. Before such a tap is approved... ...a very legal process has taken place... ...because someone is not just being listened to. A complaint must be written. It all sounds very official, but it is very important.
De_Dienst_afl_4_seg_8;0 days 00:01:44;0 days 00:03:28;Bart; De last is het document waarin je al je argumentatie opschrijft. Om bevolgens toestemming te gaan vragen om een bijzondere inrichting in te gaan zetten. De last is eigenlijk een soort basis document wat jij schrijft als bewerker. Je hebt het heel kort al even met Ton over gehad. Ton die zei ook van ik wil gewoon dat er een aantal elementen in zitten... die voor de DG, onze diensthoofd, voor de minister en voor de tip belangrijk zijn... om te zeggen op basis daarvan gaan we akkoord met de inzetten van dat bijzondere inlichtingmiddel. Een aantal elementen zitten eraan vast. Die moeten erin terugkomen. Sowieso een beschrijving eigenlijk van de CASUS. De drie hoofdonderdelen volgens zijn de noodzaak van de inzet. De proportionaliteit, dus in hoeverre weegt de inzet van dit middel op... tegen de schending van de privacy van iemand. Is dit middel proportioneel? Dan heb je nog de subsidiariteit. Kan ik eigenlijk met een lichter middel aan dezelfde inlichtingen komen? En de gerichtheid. Dus zet ik een middel in op iemand, maar gaat de privacy van andere mensen ook geschonden worden? Dus als je de huistelefoon gaat tappen, dat je zo'n heel groot zin eigenlijk meekrijgt. Dus dan is het minder gericht dan gewoon de telefoon die iemand bij ze draagt. Dus het is niet alleen maar lekker puzzelen. Lekker allemaal dingen erbij slepen, middelen inzetten. Het is dus ook continu blijven verantwoorden datgene wat je aan het doen bent.; The complaint is the document... ...in which you write down all your arguments... ...and then ask permission... ...to put in a special information. Okay. The complaint is actually a kind of basic document... ...that you write. As a contractor. You briefly discussed it with Ton. Ton also said... ...I just want a number of elements in there... ...that for the DG, our head of staff... ...for the minister and for the TIP... ...are important to say... ...on the basis of that we agree... ...with the use of that special information. A number of elements are attached to it. They must come back in it. In any case, a description of the cases. The three main parts are... ...the necessity of the use. Yes. The proportionality. So how far does the use of this means weigh... ...against the deprivation of someone's privacy? Is this tool proportional? Then you have the subsidiarity. Can I actually come to the same conclusions... ...with a lighter tool? And the justice. So I put a tool in someone... ...but will the privacy of other people also be damaged? So if you are going to tap the home phone... ...you actually get a lot of sense. So then it is less directed... ...than just the phone that someone is carrying with them. So it's not just nice to puzzle... ...nice to drag things along, use the tools... ...it is also continuing to keep answering...
De_Dienst_afl_4_seg_9;0 days 00:03:30;0 days 00:03:41;Liesbeth; En met die verantwoording zat het wel goed. Door het filmpje dat het Oostin-team heeft gevonden... waarin we Sander hoorden zeggen dat hij de oorlog terug naar Nederland wil brengen. Kortom, we zijn gaan tappen en daar is flink wat informatie uitgekomen.; ...what you are doing. And with that answer it was good... ...because of the video that the Oostin team found... ...in which we heard Sander say... ...that he wants to bring the war back to the Netherlands. In short, we started tapping...
De_Dienst_afl_4_seg_10;0 days 00:03:42;0 days 00:03:48;Bart; Ja, daar vonden wij eigenlijk ook binnen het team. We zeiden van oké, hij spreekt hier zo'n bedreiging uit.; ...and a lot of information came out of it. We actually found that within the team... ...that we said, okay, he is talking about such a threat here...
De_Dienst_afl_4_seg_11;0 days 00:03:48;0 days 00:03:50;Liesbeth; Hij laat hier zo duidelijk blijken.; ...he makes it so clear here...
De_Dienst_afl_4_seg_12;0 days 00:03:50;0 days 00:03:54;Bart; Hij laat eigenlijk de achterste van z'n tong zien zonder dat hij doorheeft dat het gefilmd wordt.; ...he actually shows the back of his tongue... ...without him knowing that it is being filmed.
De_Dienst_afl_4_seg_13;0 days 00:03:54;0 days 00:03:57;Liesbeth; Als het even over intentie, dan zit daar toch een hoop in?; If we are talking about intention...
De_Dienst_afl_4_seg_14;0 days 00:03:57;0 days 00:04:01;Bart; Inderdaad, ja. En er komt informatie uit.; ...then there is hope in it. Indeed, yes.
De_Dienst_afl_4_seg_15;0 days 00:04:01;0 days 00:04:04;Liesbeth; Ik heb hier een aantal dingen op een rijtje gekregen van het team.; And then the information comes out. I got a couple of things on a list here from the team.
De_Dienst_afl_4_seg_16;0 days 00:04:05;0 days 00:06:01;Bart; Uit de tap blijkt dat Sander contact heeft met Usgun, de radicale prediker. Dat wist hij natuurlijk al uit de verkeersgegevens, maar er komt dus ook inhoud over. En uit die inhoud kunnen we vaststellen dat hij niet slechts orthodox is. Hij heeft gesprekken met Usgun en die gaan echt veel verder dan dat. Hij is behoorlijk ver in zijn radicalisering. En hij heeft ook aangegeven in die gesprekken dat hij bereid is om geweld te gebruiken. Nadigegegevens ontbreken. We weten niet wat voor geweld, maar hij is overduidelijk bereid om geweld te gaan gebruiken. Hij heeft zichzelf ook een andere naam aangemeten. Dat lijkt hij wel een beetje als een soort schuilnaam te gebruiken. Saif al-Din. En wat helemaal interessant is, en ik denk dat we daarmee echt wel zeker weten dat dit foute boel is. Hij onderhoudt contact met een leider van ISIS die een trainingskamp leidt in Libië, Derna om precies te zijn. Deze leider van ISIS, die heet Anas al-Maghribi. Die heeft al langer de warme belangstelling van collega's uit een ander team binnen de dienst. Welk team? Dat is een ander CT-team die wat internationale kijkt. Het telefoon van deze meneer Anas is gegeven. En wat wij kunnen doen is dus vragen uitzetten bij dat collega-team hier binnen de dienst. Of zij iets meer aan ons kunnen vertellen over die Anas. Maar ook, als zijn middelen gehakt zijn. Of via die middelen ook communicatie met z'n ander naar voren komt. Het is best een hoop wat dan in één keer bij elkaar komt. Ja, dat is best een hoop.; From the table it turns out that Sander has contacts... ...with Mehmet Üzgün, the radical preacher. Of course, we already knew that from the traffic data... ...but there is also content about it. And from that content we can determine... ...that he is not only orthodox. He has conversations with Üzgün... ...and they really go much further than that. He is quite far in his radicalization... ...and he has also indicated in those conversations... ...that he is willing to use violence. After the data are missing... ...we don't know what kind of violence... ...but he is clearly willing to use violence. He has also given himself a different name. He seems to use it as a kind of nickname. Saif al-Din. And what is really interesting... ...and I think we really know for sure... ...that this is the wrong thing to do... ...he maintains contact with a leader of ISIS... ...who leads a training camp in Libya, Derna to be precise. This leader of ISIS... ...his name is Anas al-Maghribi. He has for a long time the warm interest... ...of colleagues from another team in the service. Which team? That is another CT team. In any case international. The phone of this man Anas is hacked. And what we can do is ask questions... ...to the colleague team here in the service... ...if they can tell us something more about that Anas... ...but also if his resources are hacked... ...or if through those resources...
De_Dienst_afl_4_seg_17;0 days 00:06:02;0 days 00:06:16;Liesbeth; Dat is best een hoop wat dan in één keer bij elkaar komt. Dat is best een hoop wat dan in één keer bij elkaar komt. Dus als dat kleine puntje van de ijsberg begint begint nu toch wel heel snel heel groot te worden. Dus als dat kleine puntje van de ijsberg begint begint nu toch wel heel snel heel groot te worden. Ja, wat vind je ervan? Ja, dat vind ik best wel eng.; ...communication with others also comes forward. This is quite a lot that then comes together at once. So when that little point of the iceberg begins... ...it starts to get very big very quickly. What do you think of that? Yes, I think that's pretty scary.
De_Dienst_afl_4_seg_18;0 days 00:06:16;0 days 00:06:18;Bart; Ja, wat vind je er eng aan?; Yes, what do you think is scary?
De_Dienst_afl_4_seg_19;0 days 00:06:18;0 days 00:06:46;Liesbeth; Dat er iemand rondloopt, die dus in een vergevorderd stadium van radicalisering is. En heeft contacten met een leider van ISIS. En heeft contacten met een leider van ISIS. En heeft contacten met een leider van ISIS. En heeft kennis van chemische stoffen door zijn college. En heeft de intentie uitgesproken om daar iets mee te doen. Dan heb je toch eigenlijk alle dingen bij elkaar. Dat er nu toch echt wel iemand rondloopt.; That someone is walking around... ...who is in a far-reaching stage of radicalization... ...has contacts with a leader of ISIS... ...has knowledge of chemical substances through his college... ...and has the intention to do something about it. Then you actually have all things together... ...that someone is really walking around now...
De_Dienst_afl_4_seg_20;0 days 00:06:46;0 days 00:06:49;Bart; Met erg kwaaie bedoelingen.; ...with very bad intentions.
De_Dienst_afl_4_seg_21;0 days 00:06:49;0 days 00:06:53;Mismatch; Dat er nu toch echt wel iemand rondloopt. Met erg kwaaie bedoelingen. Nog meer informatie.; There is even more information.
De_Dienst_afl_4_seg_22;0 days 00:06:53;0 days 00:07:09;Bart; De tab blijkt verder dat hij al een afspraak heeft gemaakt met een contact in Cairo. Hij zal worden opgehaald op het Gateway Bus Station in het centrum van de stad. En dit contact heeft een Libi's telefoonnummer.; It turns out that he has already made an appointment... ...with a contact in Cairo. He will be picked up at the Gateway bus station... ...in the center of the city. And this contact has a Libyan phone number.
De_Dienst_afl_4_seg_23;0 days 00:07:09;0 days 00:07:11;Liesbeth; Oké.; Okay.
De_Dienst_afl_4_seg_24;0 days 00:07:11;0 days 00:07:42;Bart; Dat sluit een beetje aan bij die leider in Libië. De internet tab wijst uit dat Sander op zoek is naar vluchten naar Cairo. De beoogde reisdatum valt al in de volgende week. Een voorlopige conclusie zou kunnen zijn dat hij van plan is om uit te reizen naar een strijdgebied. Om zich daar aan te sluiten bij de djerdistische strijd.; So that connects a bit with that leader in Libya. The internet tab shows that Sandor is looking for flights to Cairo. The scheduled travel date is already in the next week. For the time being, the conclusion could be... ...that he plans to travel to a combat area... ...to join the jihadist struggle.
De_Dienst_afl_4_seg_25;0 days 00:07:43;0 days 00:07:47;Liesbeth; Ja, behalve dat we hem hebben horen roepen dat hij de oorlog naar Nederland gaat halen.; Yes, except that we heard him say... ...that he is going to bring the war to the Netherlands.
De_Dienst_afl_4_seg_26;0 days 00:07:47;0 days 00:07:53;Bart; Ja, dat is ook een trainingskamp. Maar goed, in Libië vindt hij natuurlijk ook een strijdplaats.; Yes, that is also a training camp. But in Libya, of course, there is also a battlefield.
De_Dienst_afl_4_seg_27;0 days 00:07:53;0 days 00:07:55;Liesbeth; Ja.; Yes.
De_Dienst_afl_4_seg_28;0 days 00:07:55;0 days 00:07:58;Bart; Dat kan aan alle kanten nog uitgaan.; It can go in all directions.
De_Dienst_afl_4_seg_29;0 days 00:08:00;0 days 00:08:15;Liesbeth; En dan ontvoudt zich opeens een web om Sander heen waarin alles samenkomt en de zaak in een stroomversnelling belandt. Als je zoveel weet, en ook weet dat diegene de potentie heeft om hem echt kwaad aan te richten... dan moet je zo iemand toch zo snel mogelijk van straat halen.; And then a web suddenly unfolds around Sandor... ...where everything comes together... ...and the case ends up in a power cut. If you know so much... ...and also know that he has the potential... ...to really harm him... ...then you have to get someone out of the way as soon as possible.
De_Dienst_afl_4_seg_30;0 days 00:08:15;0 days 00:08:23;Bart; Het probleem is alleen dat we ook via de Marcher C informatie hebben gekregen dat Sander al weg is.; The problem is... ...that we also received information via the Marcheusee...
De_Dienst_afl_4_seg_31;0 days 00:08:25;0 days 00:08:27;Liesbeth; Dus hij gaat niet volgende week?; ...that Sandor is already gone. So he is not going next week?
De_Dienst_afl_4_seg_32;0 days 00:08:27;0 days 00:08:40;Bart; Nee, hij heeft het land al verlaten. Via de tab kwam er het naar voren dat hij volgende week zou gaan. Dat hij op zoek was naar een mogelijkheid om naar Cairo te reizen. Maar hij blijkt dus al weg te zijn.; No, he has already left the country. Through the tab it turned out... ...that he would go next week. That he was looking for a possibility to travel to Cairo. But he already appears to be gone.
De_Dienst_afl_4_seg_33;0 days 00:08:40;0 days 00:08:45;Liesbeth; Naar Cairo? Naar Cairo. Oké. Ja.; To Cairo? To Cairo. Okay, yes.
De_Dienst_afl_4_seg_34;0 days 00:08:47;0 days 00:08:49;Bart; En hij heeft zijn telefoon achtergelaten.; And he left his phone behind.
De_Dienst_afl_4_seg_35;0 days 00:08:49;0 days 00:08:50;Liesbeth; Waardoor wij...; So we...
De_Dienst_afl_4_seg_36;0 days 00:08:50;0 days 00:09:02;Bart; Hij hem niet meer kunnen horen? Ja, we zijn natuurlijk het zicht kwijt, maar we dachten natuurlijk ook van hij zit nog steeds hier in Nederland. Ja. Maar we zijn het zicht kwijt. Ja. Kortom, Sander is kwijt.; ...can't hear him anymore? Yes, we lost sight of him... ...but we also thought he was still here in the Netherlands. But we lost sight of him. In short, Sandor is gone.
De_Dienst_afl_4_seg_37;0 days 00:09:04;0 days 00:09:37;Liesbeth; Dit is het moment waarop echt duidelijk is dat Sander goed fout is. Alleen, er is geen controle meer over hem. We weten niet precies waar hij is en wat hij gaat doen. Voor ons is het natuurlijk de minst gevaarlijke optie als hij in Libië gaat vechten. Maar hij heeft al geroepen dat hij de oorlog naar Nederland wil halen. En dat is het gevaar van mensen die uitreizen. Dat ze ook weer terug kunnen komen met alle ervaring die ze hebben opgedaan. De vraag is, wat nu? Kunnen buitenlandse overheden ons helpen? Is er bijvoorbeeld contact met de Egyptische geheime dienst?; This is the moment when it is really clear... ...that Sandor is wrong. But there is no control over him anymore. We don't know exactly where he is and what he is going to do. For us, of course, it is the least dangerous option... ...if he is going to fight in Libya. But he has already called that he wants to bring the war to the Netherlands. And that is the danger of people who leave. That they can also come back... ...with all the experience they have gained. The question is, what now? Can foreign governments help us?
De_Dienst_afl_4_seg_38;0 days 00:09:37;0 days 00:09:52;Bart; We onderhouden natuurlijk hele goede contacten met andere westerse diensten. De Amerikanen, de Canadezen, et cetera. Maar goed, wij onderhouden ook contacten met heel veel diensten in heel veel andere landen.; For example, is there contact with the Egyptian secret service? Of course, we maintain very good contacts... ...with other Western services. The Americans, Canadians, etc. But we also maintain contacts...
De_Dienst_afl_4_seg_39;0 days 00:09:52;0 days 00:09:55;Liesbeth; Ja. Waaronder de Egyptische diensten. Waaronder de Egyptische diensten.; ...with a lot of services in a lot of other countries. Including the Egyptian service.
De_Dienst_afl_4_seg_40;0 days 00:09:55;0 days 00:10:49;Bart; Ja, zeker. Eigenlijk bij iedere keer als je contact zoekt met een collega dienst... moet je heel goed nadenken over wat vertel ik wel en wat vertel ik niet. Je moet sowieso altijd goed nadenken over je bronbescherming. Wat kan ik wel vertellen? Ik kan niet iets vertellen over de menselijke bronnen die ik heb. Of over de modus operandi die ik gebruik. Dus de verschillende millen die ik gebruik. Daar probeer je altijd gewoon wat terhoudend in te zijn. Maar je moet ook heel goed nadenken. Het is een middel. Je gaat aan een andere dienst. Ga je vragen om iets te vertellen over andere mensen. Over Nederlanders. In dit geval Sander. Precies. En daarmee ben je zijn privacy ook weer enorm aan het schenden. Het enige wat we weten is natuurlijk dat hij geweld wil gebruiken. Ja. Maar waar dat is, wanneer dat is, op wat voor manier dat is, weten wij niet.; Including the Egyptian service, yes. Actually, every time you look for contact... ...with a colleague service... ...you have to think very carefully about what I am telling you and what I am not telling you. You always have to think very carefully about your bodyguard. What can I tell you? I can't tell you anything about the human body I have. Or about the modus operandi I use. The different means I use. You always try to be a little cautious about that. But you also have to think very carefully. It is a means. You go to another service. You ask to tell something about other people. About Dutch people, in this case Sander. Exactly. And with that, his privacy is also greatly reduced. The only thing we know is that he wants to use violence. Yes.
De_Dienst_afl_4_seg_41;0 days 00:10:49;0 days 00:10:52;Liesbeth; Maar goed, we weten wel dat hij geweld wil gebruiken.; But we don't know where it is, when it is, in what way it is.
De_Dienst_afl_4_seg_42;0 days 00:10:52;0 days 00:10:58;Bart; Dus je kunt ook niet uitsluiten dat hij iets in Noord-Afrika gaat doen. Wat je ook niet wil.; Exactly, because it is still a general sentence for us. Yes, but we do know that he wants to use violence. So you can't rule out that he is going to do something in North Africa.
De_Dienst_afl_4_seg_43;0 days 00:10:58;0 days 00:11:01;Liesbeth; En dat is ook niet het onmogelijk scenario.; Yes.
De_Dienst_afl_4_seg_44;0 days 00:11:01;0 days 00:11:37;Bart; Is dat hij naar Egypte is gehaald door die meneer Anas. Om ergens in Noord-Afrika een aanslag te plegen. Dat weet je ook niet om iets in Cairo te gaan doen. Je zit een beetje in een gegeven moment. Om iets in Cairo te gaan doen. Je zit een beetje met het dilemma dat je hen informatie wil geven over deze zaak. Zonder dat je nou gelijk de privacy keihard schendt. En in deze maak ik me niet zo heel erg zorgen om de privacy. Als wel dat zij mogelijk gaan overreageren. Op basis van dingen waarvan je denkt, maar zo ver zijn we eigenlijk nog helemaal niet.; What you don't want. And that is not an impossible scenario. Is that he went to Egypt. By that Mr. Anas. To kill somewhere in North Africa. You don't know that either. To do something in Cairo. You are a bit with the dilemma. That you want to give them information about this case. Without the fact that the privacy is greatly reduced. And in this case I don't really care about the privacy. As well as that they may overreact. Based on things you think about.
De_Dienst_afl_4_seg_45;0 days 00:11:37;0 days 00:11:44;Liesbeth; Nou precies, want daar snij je wel iets aan. Wanneer heeft iemand geen recht meer op privacy? Dat houdt op een gegeven moment toch op.; But so far we are actually not at all. Exactly, because that's where you cut something. When does someone have no right to privacy anymore? At some point it stops.
De_Dienst_afl_4_seg_46;0 days 00:11:44;0 days 00:11:52;Bart; Dat vind ik echt een hele goede. En in dit geval kun je je afvragen. We weten iets over zijn intenties.; I think it's a very good one. I really think it's a very good one. And in this case you can ask yourself. Yes, we know something about their intentions.
De_Dienst_afl_4_seg_47;0 days 00:11:52;0 days 00:11:54;Liesbeth; We weten beperkt iets over zijn potentie.; Yes.
De_Dienst_afl_4_seg_48;0 days 00:11:54;0 days 00:12:01;Bart; Maar doelwit, doelwit land en dergelijke weten we allemaal nog niet. En er kunnen nog steeds alternatieve scenario's zijn.; We know something about their potential. But we all don't know yet. And there can still be alternative scenarios.
De_Dienst_afl_4_seg_49;0 days 00:12:03;0 days 00:12:04;Liesbeth; Zoals?; Like?
De_Dienst_afl_4_seg_50;0 days 00:12:05;0 days 00:12:06;Mismatch; Denk maar.; I think so.
De_Dienst_afl_4_seg_51;0 days 00:12:06;0 days 00:12:21;Liesbeth; Maar er komt natuurlijk een punt in een zaak. Want dat merk ik aan iedereen die ik spreek. De privacy schending weegt heel zwaar. Juridisch gezien, maar ook emotioneel gezien. Ik merkte ook aan de verhalen die mensen vertellen.; But there is of course a point in a case. Because I notice that to everyone I talk to. The privacy scandal weighs heavily. Yes. Judicial but also emotional.
De_Dienst_afl_4_seg_52;0 days 00:12:21;0 days 00:12:24;Bart; Wat het met ze doet als ze iemand afluisteren.; I also noticed the stories that people tell.
De_Dienst_afl_4_seg_53;0 days 00:12:24;0 days 00:12:38;Liesbeth; Maar ik kan me voorstellen, maar misschien is dit dus een buitenstaanderblik. Dat je op een gegeven moment die privacy denkt. Ja privacy, hallo. Het recht op privacy is een soort van... Privacy, hallo. Het recht op privacy heb je nu verspeeld.; What they do when they listen to someone. But I can imagine. But maybe this is an outsider. That at some point you think that privacy. Yes, privacy. Hello. You have now misused the right to privacy.
De_Dienst_afl_4_seg_54;0 days 00:12:38;0 days 00:13:22;Bart; Nee, dat heb je nooit verspeeld. Alleen, ik denk, des te groter de dreiging is... des te meer je genoodzaakt bent om privacy te schenden. En ik ben bereid om de privacy van iemand te schenden... als er een werkelijke dreiging vanuit gaat. Ik zou wel zijn naam met de Egyptische Dienst willen delen. Maar gewoon aankunnen geven dat wij in het kader van een onderzoek naar jihadisme... deze persoon is opgevallen en dat hij naar Cairo is gereisd. Met onbekende reden dat we op dit moment geen dreigingsinformatie hebben. Hebben we ook niet. Nee. Maar dat wij zich geïnteresseerd zijn in waar hij zich bevindt... en of hij mogelijk naar een andere locatie toevertrekt.; No, you have never misused it. Never. But I think the greater the threat is. The more you are in need. To reduce your privacy. And I am willing to reduce the privacy of someone. If there is a real threat. I would like to share his name with the Egyptian service. But just to indicate. That we are in the context of an investigation into jihadism. This person has fallen. And that he has traveled to Cairo. Yes. For unknown reasons. That we currently have no information about the threat. We don't either. No. But that we are interested in where he is. And if he may leave for another location.
De_Dienst_afl_4_seg_55;0 days 00:13:22;0 days 00:13:25;Liesbeth; Precies, en dan kan er dus een samenwerking ontstaan tussen de dienst al daar.; Exactly. And then there can be a collaboration between the service there.
De_Dienst_afl_4_seg_56;0 days 00:13:25;0 days 00:13:26;Bart; Ja.; Yes.
De_Dienst_afl_4_seg_57;0 days 00:13:26;0 days 00:13:30;Liesbeth; En dan moet je dan denken aan dat hij dan gevolgd gaat worden?; Yes. And then you have to think that he will be followed.
De_Dienst_afl_4_seg_58;0 days 00:13:30;0 days 00:13:34;Bart; Dat kan, ja. Dat je op die manier dus een volger hebt. Ja.; It can. That you are a follower in that way. Yes.
De_Dienst_afl_4_seg_59;0 days 00:13:35;0 days 00:13:42;Liesbeth; Dat lijkt me wel handig. Dat lijkt me ook heel handig. Ja. Ik wil weten waar hij heen gaat. Op dit moment zijn wij redelijk blind. We weten niet zo goed.; That seems convenient to me. That seems very convenient to me too. Yes. I want to know where you are going. At this point we are fairly blind. We don't know very well.
De_Dienst_afl_4_seg_60;0 days 00:13:42;0 days 00:14:17;Bart; We hebben dan nog die hek op die meneer Anas. Mogelijk dat daar nog wat dingen overheen gaan komen. Maar wij kunnen heel weinig middelen meer inzetten. Hij heeft zijn telefoon hierin geleverd. In ieder geval die heeft hij hier in Nederland gelaten. Dus daar hebben we geen middelen meer op. We zijn redelijk blind. Wij moeten nu eigenlijk wel een beetje gaan leunen op collegaendiensten. Je bent internationaal, ben je daar heel erg van afhankelijk. Maar je merkt ook op het counterterrorismeterrein dat iedereen wil eigenlijk een aanslag voorkomen. In welk land dan ook. Dus je probeert elkaar zo goed mogelijk op de hoogte te stellen van als er ergens een aanslag zou gaan plaatshebben.; We still have that fence on that Mr. Anas. It is possible that some things will come over there. Yes. We can't use very few resources anymore. He has delivered his phone here. Yes. In any case, he left it here in the Netherlands. Yes. So we don't have any resources anymore. So we are fairly blind. So we actually have to go a little bit now. Go. Go. Go. Go. Go. Go. Go. Go. Go. Go. Go. Go. Go. Go. Go. Go. Go. Go.
De_Dienst_afl_4_seg_61;0 days 00:14:19;0 days 00:14:36;Liesbeth; En je zei natuurlijk in de eerste aflevering dat jullie een aantal zware jaren hebben gehad als het gaat over terrorisme. Dat weten we natuurlijk allemaal. Dan openen we er weer de krant en dan stond er weer een afschuwelijk verhaal. Zijn dat dus ook dingen waarbij jullie dan constant met elkaar contact hebben?; Go. Go. Go. Go. Go. Go. We have had a number of difficult years when it comes to terrorism. Sure. Of course we all know that. Then we opened the newspaper again and then there was another different story. So are those also things in which you then have constant contact with each other?
De_Dienst_afl_4_seg_62;0 days 00:14:36;0 days 00:14:43;Bart; De Franse diensten, de Duitse diensten. Ja, continu, dagelijks. Soms zelfs het woord bestaat niet, maar uurlijk.; Yes. The French service, the German service. Yes. Continuous. Daily. Yes.
De_Dienst_afl_4_seg_63;0 days 00:14:44;0 days 00:14:51;Liesbeth; Is het ook zo dat er bepaalde diensten zijn die ergens heel goed in zijn? Dus dat je denkt... Ja, zeker wel. En dat je op die manier er gebruik van maakt?; Sometimes even the word does not exist, but hourly. Is it also the case that there are certain services that are very good at something? So you think ... Yes, certainly. And that you use it in that way?
De_Dienst_afl_4_seg_64;0 days 00:14:51;0 days 00:14:57;Bart; Ja, je weet gewoon van de ene dienst die zijn beter in dat middel en de andere dienst zijn beter in dat middel.; Yes, look, you just know from the one service that is better in that way and the other service is better in that way.
De_Dienst_afl_4_seg_65;0 days 00:14:57;0 days 00:15:00;Liesbeth; Waar is Nederland bijvoorbeeld goed in? Alles.; Where is the Netherlands, for example, in? Everything.
De_Dienst_afl_4_seg_66;0 days 00:15:01;0 days 00:15:04;Bart; Nee, ik denk dat wij heel hoog staan aangeschreven in Europa.; No, I think we are very highly registered in Europe.
De_Dienst_afl_4_seg_67;0 days 00:15:08;0 days 00:15:16;Liesbeth; Goed, we hebben Sander nu ergens in Egypte rondlopen. En vooralsnog is het onbekend waar hij precies is. Omkend waar.; Good. We now have Sander walking around somewhere in Egypt. And for now it is unknown where he is exactly. Unknown where?
De_Dienst_afl_4_seg_68;0 days 00:15:17;0 days 00:15:38;Bart; Dat gaan we de Egyptenaren vragen. Als ons internationale CT-team actief kijkt naar meneer Anas, dan weet ik zeker dat er een aantal andere diensten dat ook doen. Dat er mogelijk een samenwerking in is. Dus misschien hebben andere grote diensten, Europese diensten of andere westerse diensten, ook wel een positie op de trainingskamp op die meneer Anas.; That's what we're going to ask Egypt. If our international CT team actively looks at Mr. Anas, then I'm sure there are a number of other services that do that too. That there may be cooperation in it. And so maybe other major services, European services or other Western services, also have a position on the training camp of Mr. Anas.
De_Dienst_afl_4_seg_69;0 days 00:15:38;0 days 00:15:41;Liesbeth; En dat zou een ingang kunnen zijn? Dat zou een ingang kunnen zijn.; And that could be an entry? That could be an entry.
De_Dienst_afl_4_seg_70;0 days 00:15:42;0 days 00:16:12;Bart; Ja, dus wij zouden een memo kunnen schrijven naar bijvoorbeeld de MR6. Dat zijn de Britse inlichtingendienst. We zouden het kunnen vragen aan de Duitse inlichtingendienst, de Franse inlichtingendienst, de Amerikaanse inlichtingendienst, CIE. Om te kijken, hebben jullie mogelijke positie op dit trainingskamp in Libië? Om die en die reden? En we zouden graag willen weten of jullie iets te horen krijgen over dat en dat. En dan gaan we ook Sander van der Land daar waarschijnlijk even melden.; To the ... Yes, so we could ... We could write a memo to, for example, the MR6. Those are the British. British intelligence service. We could ask the German intelligence service, French intelligence service, the American intelligence service, CIE. And to see if they have a possible position on this training camp in Libya for that and that reason. And we would like to know if you can hear anything about that and that. And then we will also, Sander van der Land, we will probably report on that.
De_Dienst_afl_4_seg_71;0 days 00:16:17;0 days 00:16:23;Liesbeth; Bijvoorbeeld de aanslag in Bataclan, de mensen die daarachter zitten, zijn dat al mensen die ook al in dit soort systemen staan?; For example, the attack in Bataclan, the people behind it, are those people who are already in these kinds of systems?
De_Dienst_afl_4_seg_72;0 days 00:16:23;0 days 00:16:32;Bart; Het waren mensen die voor een deel wel al bekend waren. Het waren mensen afkomstig voor een deel uit Europa die al op de radar stonden van verschillende diensten.; They were people who were partly already known. They were people from Europe who were already on the radar of various services.
De_Dienst_afl_4_seg_73;0 days 00:16:32;0 days 00:16:35;Liesbeth; En hoe kan het dan dat ze daar dan doorheen zijn geglipt?; And how is it possible that they slipped through there?
De_Dienst_afl_4_seg_74;0 days 00:16:35;0 days 00:17:04;Bart; Dat is mogelijk omdat je leeft in een rechtsstaat. En je wil niet in een land wonen waarin de controle op je bevolking dermate groot is dat je van iedereen weet waar ze op welk moment zijn. En je woont in een land en je woont op een continent in de Europese Unie waar open grenzen zijn. Wat we ook belangrijk vinden dat die grenzen open blijven. En dat betekent dus ook dat je bepaalde risico's neemt.; That is possible because you live in a rule of law and you do not want to live in a country where the control over your population is so great that you know from everyone where they are at what moment. And you live in a country and you live on a continent in the European Union where there are open borders, which we also find important that those borders remain open. And that also means that you take certain risks.
De_Dienst_afl_4_seg_75;0 days 00:17:04;0 days 00:17:10;Liesbeth; Hoe werkt het als je moet samenwerken met een dienst in een land die een heel andere kijk heeft op die mensenrechten?; How does it work if you have to work together with a service in a country that has a very different view on human rights?
De_Dienst_afl_4_seg_76;0 days 00:17:10;0 days 00:17:57;Bart; Dat is best een lastige. En daarvoor ben je ook continu gezamenlijk aan het kijken van wat ga ik wel delen en wat ga ik niet delen. En op het moment dat je redelijk scherp voor jezelf hebt een aantal elementen waarvan je denkt van ook hier kan ik de zaak mee verder helpen. Dan alsnog ga je toestemming vragen om deze persoonsgegevens te mogen delen met een dergelijke dienst. Dus dan gaan we naar onze dg en zeggen we willen dat en dat en dat. Met betrekking tot die en die persoon willen we gaan delen en daar kan die persoon die en die risico's mee lopen. En dan is het aan de dg om die beslissing te nemen. En des te zwaarder de keuze is des te hoger wordt die ook neergelegd. Dus bij dg komen er hele zware beslissingen terecht. En het is nooit tussen goed en fout het is altijd tussen bijna fout en fout.; That is quite a difficult one. And for that you are also continually looking together at what I am going to share and what I am not going to share. And at the moment that you have a number of elements for yourself that you think of, here I can continue to help with the case. Then you will still ask permission to be allowed to share these personal data with such a service. So then we go to our DG and say, okay, we want that and that and that with regard to that person. We want to share and that person can take those risks. And then it is up to the DG to make that decision. Yes, the heavier the choice is, the higher we put it down. So with DG very heavy decisions are made. And it is never between right and wrong, it is always between almost wrong and wrong.
De_Dienst_afl_4_seg_77;0 days 00:17:59;0 days 00:18:02;Liesbeth; Ik ben blij dat ik de dg nu ben. Nee, ik ook.; I'm glad I'm the DG now. No, me too.
De_Dienst_afl_4_seg_78;0 days 00:18:02;0 days 00:18:05;Bart; Nee, het is een zware verantwoordelijkheid. Jeetje, nou ja.; No, it is a heavy responsibility. Well, yes.
De_Dienst_afl_4_seg_79;0 days 00:18:05;0 days 00:18:21;Liesbeth; Want Sander is en blijft natuurlijk gewoon een Nederlandse staatsburger. Die ook de bescherming van de AIVD in die zin geniet. Maar staatsburger of niet, zolang we niet weten waar Sander is, blijft de dreiging bestaan. Alleen, hoe ga je zo iemand vinden?; Because Sander is and remains a Dutch citizen who also enjoys the protection of the IFD in that sense. But citizen or not, as long as we do not know where Sander is, the threat remains. But how are you going to find someone like that?
De_Dienst_afl_4_seg_80;0 days 00:18:21;0 days 00:18:39;Bart; Dat zou kunnen via kabelinterceptie. Maar dan moet je heel duidelijke richtingen hebben waar je zou moeten gaan zoeken. Dan moet je een heel duidelijk profiel hebben. Dat is een relatief nieuw middel. We gebruiken dat weinig. Maar misschien is het goed als je zo eventjes met een expert op dat terrein gaat praten.; That could be through cable interception. But then you have to have a very clear direction where you should look. Then you have to have a very clear profile. That is a relatively new medium. We don't use it much, but maybe it's good if you talk to an expert about it in a moment.
De_Dienst_afl_4_seg_81;0 days 00:18:42;0 days 00:19:06;Liesbeth; Je hoort het al aan Bart. Kabelinterceptie is een gevoelig en ingewikkeld middel. Het is ook een heel zwaar middel dat in 2018 veel stofdeet opwaaien onder de term sleepnet. De AIVD mag het alleen bij hoge uitzondering inzetten. En dat doen ze dus ook niet zo heel erg vaak. Ik ga praten met Mark. Hij is teamhoofd kabelinterceptie. Om maar bij het begin te beginnen. Wat doet Mark precies?; You've heard it before, Bart. Cable interception is a sensitive and complicated medium. It is also a very heavy medium. That in 2018 a lot of dust is blown up under the term sludge net. The IFD is only allowed to use it at high emissions. And they don't do that very often. I'm going to talk to Mark. He is head of cable interception. Let's start with the beginning. What exactly does Mark do?
De_Dienst_afl_4_seg_82;0 days 00:19:06;0 days 00:20:04;Mark; We zijn verantwoordelijk voor het organiseren van de mogelijkheid om kabelinterceptie te kunnen inzetten. Als middel. Dat betekent het bouwen van de techniek. Het contact leggen met plekken waar we het willen doen. Het zorgen dat de data goed binnenkomt. Het zorgen dat het goed kan worden opgeslagen. Uiteindelijk hopen we daarmee een goede bijdrage te leveren aan het inlichtingproces. Nederland is nogal een belangrijk land op internetvlak. We hebben een hele uitgebreide infrastructuur in Nederland. Met heel veel plekken, datacenters, heel veel kabels, c-kabels, landkabels. Het is niet eenvoudig. Het is niet zo dat je met een USB-stick naar een gebouw loopt. En dat je daar dan zegt doe mij maar internetverkeer. Het zijn gigantische volumes. Gigantisch veel plekken. Dus überhaupt om te bepalen waar je moet starten. En waar je zou willen zitten is al een hele wetenschap op zichzelf.; We are responsible for organizing the possibility of being able to use cable interception as a means. That means building the technology. Contacting with places where we want to do it. Ensuring that the data comes in well. Ensuring that it can be stored well. And eventually we hope to make a good contribution to the information process. The Netherlands is still an important country on the internet. We have a very extensive infrastructure in the Netherlands. With a lot of places, data centers, a lot of cables, sea cables, land cables. And it's not easy anyway. It's not like you walk to a building with a USB stick and say, do me internet traffic. It's huge volumes, a lot of places. So to determine where to start and where to sit is already a whole science in itself.
De_Dienst_afl_4_seg_83;0 days 00:20:04;0 days 00:20:35;Liesbeth; Oké, als ik het goed begrijp, zit het als volgt. Al ons telefoon- en internetverkeer loopt via miljoenen kabels. En Nederland is hier een belangrijk knooppunt in. Bij kabelinterceptie ga je op een bepaald punt in zo'n kabel een tab zetten. Zodat je een stukje van de data die er doorheen loopt kunt onderscheppen. Maar daar behaal je dus ook veel meer data binnen dan je strikt noodzakelijk nodig hebt. En om die reden is het een heel zwaar middel dat maar zelden wordt ingezet. Maar voordat we daar verder op ingaan. Waarom is Nederland eigenlijk zo'n belangrijk knooppunt geworden?; Okay, if I understand it correctly, it's as follows. All our telephone and internet traffic runs through millions of cables. And the Netherlands is an important hub here. At cable interception, you are going to put a tab at a certain point in such a cable. So that you can extract a piece of the data that runs through it. But you get a lot more data in there than you necessarily need. And for that reason, it is a very difficult tool that is rarely used. But before we go any further, why has the Netherlands become such an important hub?
De_Dienst_afl_4_seg_84;0 days 00:20:35;0 days 00:21:18;Mark; Nederland is niet overigens geen monopolist of zo. Er zijn natuurlijk heel veel van die soort knooppunten in de wereld. Maar een symptoon van internetverkeer is dat het 1. Vaker redundant wordt uitgevoerd. Dat het op veel plekken dubbelingen zitten in de infrastructuur. Zodat uiteindelijk het internet altijd kan blijven staan. Twee, we hebben in Nederland een vrij unieke combinatie van niet alleen knooppunten op internet. Maar ook heel veel services die er omheen hangen die in Nederland gevestigd zijn. Zoals datacenters, datacentercapaciteit, storage. Ook grote spelers op het gebied van kabel aanleggen, et cetera. Dus er zit een hele economie omheen eigenlijk. Die maakt dat Nederland iets meer is dan alleen maar een simpel knooppunt.; The Netherlands is not a monopolist or anything. There are of course a lot of such hubs in the world. But one symptom of internet traffic is that it is often redundant. That there are duplicates in the infrastructure in many places. So that in the end the internet can always remain. Two, we have a fairly unique combination in the Netherlands of not only hub points on the internet. But also a lot of services that hang around it, which are established in the Netherlands. Such as data centers, data center capacity, storage. Also large players in the field of cable connections, etc. So there is a whole economy around it actually. That makes the Netherlands a little more than just a simple hub point.
De_Dienst_afl_4_seg_85;0 days 00:21:18;0 days 00:21:22;Liesbeth; Waarom heeft Nederland die plek verworgen? Ja, dat is historisch eigenlijk.; Why did the Netherlands choose that place? Yes, it is actually historical, pure coincidence.
De_Dienst_afl_4_seg_86;0 days 00:21:22;0 days 00:21:58;Mark; Echt puur toeval. Vanaf 1992 had het NICEF. Dat is het groot natuurvisiesinstituut in Amsterdam. Dat was een van de eerste samen met zes andere wetenschappelijke instituten. Hadden zij een soort van internetverbinding. Om eigenlijk wetenschappelijke data met elkaar over de oceaan te kunnen delen. En daarmee heeft Nederland al van nature vanaf het begin een eerste positie gehad. En dat is eigenlijk daarna alleen maar uitgebouwd. Ook in combinatie met goede universitair scholing. Een hele economie die er omheen is gaan draaien, et cetera.; From 1992, in 1992, it had NICEF. That is the Great Nature Vision Institute in Amsterdam. As one of the first, together with six other scientific institutes, they had a kind of internet connection. To actually be able to share scientific data with each other about the ocean. And with that, the Netherlands has already had a first position in nature from the beginning. Yes. And that has actually only been expanded afterwards. Also in combination with a good university student. A whole economy that has been running around it, etc.
De_Dienst_afl_4_seg_87;0 days 00:21:58;0 days 00:22:10;Liesbeth; Oké, dus Nederland heeft heel veel van die kabels lopen. En is een belangrijke internationale speler. Het is en blijft een tamelijk abstract onderwerp. En ik vind het best complex om te begrijpen. Het complexiteit zit hem ook in de techniek.; Okay, so the Netherlands has a lot of those cables running. And is an important international player. It is and remains a rather abstract subject. And I find it quite complex to understand. The complexity is also in the technique.
De_Dienst_afl_4_seg_88;0 days 00:22:10;0 days 00:22:46;Mark; Wat heel veel mensen niet beseffen is dat over een glasvezel gaat licht. Dus eigenlijk data wat zich transporteert is niets anders dan licht. Wat met een laser die met een hele hoge snelheid, een hele hoge frequentie... eigenlijk piepjes of lichtpiepjes afvuurt. En dat moet omgezet worden naar data. Dus uiteindelijk zou als je intercepties zou plegen... zou je licht kopiëren of licht aftappen. Maar met licht kun je nog niks. Dus om van licht data te maken, daar is allerlei complexe apparatuur voor nodig. Die vooral ook in het telecomsector wordt gebruikt.; What a lot of people don't realize is that light goes over a fiberglass. So actually data that is transported is nothing but light. What with a laser, which fires light beams at a very high speed, at a very high frequency. And that has to be converted into data. So in the end, if you had an interception, you would copy light or tap off light. But you can't do anything with light. No. So to make light data, all kinds of complex equipment are needed. Which is mainly used in the telecom sector.
De_Dienst_afl_4_seg_89;0 days 00:22:46;0 days 00:22:48;Bart; En door internetaanbieders.; And by internet providers.
De_Dienst_afl_4_seg_90;0 days 00:22:48;0 days 00:23:00;Mark; En dat al die bewerkingen door die apparatuur leidt uiteindelijk... tot een e-mail of een browsing of dat soort data.; And all those effects through that equipment eventually lead to an email or a browsing. Or that kind of data.
De_Dienst_afl_4_seg_91;0 days 00:23:06;0 days 00:23:21;Liesbeth; Een technisch verhaal dus. En dan is het ook niet zo gek dat daar in het publieke debat... veel discussie over kan ontstaan. Zoals in 2017 rondom het referendum over de Wet op de Inlichting en Veiligheidsdiensten. In de Volksmond als snel de Sleepwet genoemd.; So a technical story. And then it's not so strange that there can be a lot of discussion about it in the public debate. Such as in 2017 around the referendum on the law on the intelligence and security services. In the Volksmond as quickly called the drag law. How did Mark look at it? And the discussion has done quite a bit with me.
De_Dienst_afl_4_seg_92;0 days 00:23:21;0 days 00:23:26;Mixed; Hoe keek Mark daarnaar? De discussie heeft best wel wat met me gedaan.; Especially because the image that was in the public life now has a lot to do with it.
De_Dienst_afl_4_seg_93;0 days 00:23:26;0 days 00:25:32;Mark; Ten meer omdat het beeld wat in het publiek leefde... niet helemaal strookt met het beeld wat wij hebben van het middel. Er was een vrij negatief beeld in het publiek. Dat er een Sleepwet en heel veel privacy geschonden wordt... van heel veel onschuldige burgers dat we hele wijken zouden tappen. De praktijk is dat het aard van het middel niet dusdanig... dat dat per se zo zou gaan gebeuren. Ten eerste ten aanzien van het middel is dat veel meer gericht op buitenlands verkeer. Verkeer van buitenland naar buitenland of eventueel buitenland naar binnenland. Maar binnenland binnenland zit meestal niet op kabelinterceptie... op die plekken waar wij interesse in hebben. En de prioriteiten van de dienst worden bepaald door de regering... en die zijn leidend eigenlijk in de keuze voor waar we gaan zitten. Dus als wij als AIVD, dat staat ook in de jaarverslagen... we doen onder andere onderzoek naar Rusland... dan zullen we op zoek gaan naar plekken waar bijvoorbeeld verkeer... van en naar Rusland of uit Rusland voorbij zou kunnen komen. Wat voor de diensten ook niet altijd even makkelijk was... is dat het voor de tegenstanders heel makkelijk was om hun... tegengeluid te mobiliseren. En voor de diensten die zijn natuurlijk gewoon gebonden aan de wet... en we kunnen moeilijk de wet gaan verdedigen. Dat was altijd wel een lastige. En wat je ook zag is omdat het complexe materie is... maar we er niet zoveel over kwijt kunnen... is het wel lastig voor met name journalisten om een hele goede beeldvorming... om een echt scherpe beeldvorming te kunnen plaatsen. Dat is aan het einde wel gebeurd, was het veel genuanceerder... aan het einde richting het referendum, maar uiteindelijk... dat referendum was toch net aan negatief. En toen kwam bovenop de wet, die op zichzelf ook best wel ingewikkeld is... de wet is niet altijd even duidelijk... kwam ook nog extra, zeg maar... ja, hoe noemen we dat zeggen, niet waarborgen... maar extra verplichtingen aan de diensten waar we aan moeten houden... in het kader van kabelinceptie.; Because the image that was in the public life now has a lot to do with the image that we have of the medium. There was a rather negative image in the public. That there was a drag law and a lot of privacy was damaged by a lot of innocent citizens. That we would trample whole neighborhoods. The practice is that the nature of the medium, not necessarily that it would happen like that. First of all, besides the medium, it is much more focused on foreign traffic. Traffic from foreign to foreign or possibly foreign to domestic. But domestic and domestic are usually not on cable interception in those places where we are interested. And the priorities of the service are really determined by the government. And they are actually leading in the choice of where we are going to sit. So if we as AIVD, which is also in the annual report, we do research on Russia among other things. Then we will look for places where traffic from and to Russia or from Russia could pass. What was not always easy for the services, is that it was very easy for the opponents to mobilize their counter sounds. And for the services, they are bound to the law and we can hardly defend the law. That was always a difficult one. And what you also saw is that because it is a complex matter, but we can't give up on it. It is difficult, especially for journalists, to place a very good image. To be able to place a really sharp image. And that did happen in the end. It was much more nuanced towards the end of the referendum. But in the end, that referendum was just negative. And then came the law, which in itself is quite complicated. The law is not always clear. There were also extra obligations to the services that we had to adhere to in the context of cable interception.
De_Dienst_afl_4_seg_94;0 days 00:25:33;0 days 00:25:45;Liesbeth; Maar laten we dit even praktisch maken. Stel, er komt een verzoek tot interceptie bij de afdeling van Mark binnen. Wat gebeurt er dan? En wat is het verschil... tussen een gewone tap en kabelinterceptie?; But let's make this practical. Suppose there is a request for interception at Mark's department. What happens then? And what is the difference between a regular tap and cable interception?
De_Dienst_afl_4_seg_95;0 days 00:25:45;0 days 00:25:54;Mark; Op het moment dat we iemand een target zouden hebben onderkend... en we zijn geïnteresseerd in hem of haar... dan kunnen we gewoon eigenlijk direct een gerichte tap inzetten.; The moment we have identified a target and we are interested in him or her, then we can actually insert a directed tap.
De_Dienst_afl_4_seg_96;0 days 00:25:54;0 days 00:25:57;Liesbeth; Zoals in het geval van mijn case.; Like in my case?
De_Dienst_afl_4_seg_97;0 days 00:25:57;0 days 00:26:54;Mark; Zoals in het geval van jouw case. In principe heb je dan opbrengst van één iemand, over één iemand. En doe je verder geen inbreuk op privacy van anderen. Kabelinterceptie zit helemaal aan de andere kant van het spectrum. Het is natuurlijk een bulkmiddel... waarin veel data wordt verzameld in één keer. Maar waarin je niet die gerichtheid hebt van één persoon. En communicatie wordt op een bepaalde manier afgehandeld. Dus als jij een pakketje moet versturen van Nederland naar Amerika... dan is het vaak uiteindelijk een ondergrondse zeekabel... waarover dat pakketje moet gaan verlopen. Die ondergrondse zeekabel is niet in beheer van Ziggo. Ziggo is maar een relatief kleine speler. Hij heeft geen zeekabel in zijn eigen bezit. Moet hij in huren, of moet hij service in huren... bij een andere speler. En die doen echt die hoogover strategische communicatie. Wat is het nut van kabelinterceptie?; Like in your case, yes. So then you basically have the contribution of one person over one person. And then you don't break into the privacy of others. Cable interception is completely on the other side of the spectrum. It is of course a bulk medium, in which a lot of data is collected at once. But in which you do not have that privacy of one person. Ah, okay. And communication is negotiated in a certain way. So if you have to send a package from the Netherlands to America, then it is often ultimately an underground air cable, which the package has to go through. Well, the underground sea cable is not in control of Ziggo. Ziggo is just a relatively small player. He does not have sea cables in his own possession. Does he have to hire or does he have to hire a service at another player? And they really do that high-over strategic communication.
De_Dienst_afl_4_seg_98;0 days 00:26:54;0 days 00:26:57;Liesbeth; Het nut is dat we een extra middel hebben...; What is the use of cable interception?
De_Dienst_afl_4_seg_99;0 days 00:26:57;0 days 00:27:18;Mark; waarmee we in theorie vooral de ongekende dreiging... maar ook gekende dreigingen kunnen vinden... als alle andere middelen eigenlijk niet toereikend zijn. Dus het is een zwaar middel? Het is een zwaar middel, absoluut. Want als die interceptie gebeurt... dan komt er een hele hoop data binnen.; Well, the use is that we have an extra means, with which we, in theory, again, as I just said, can mostly find unknown threats, but also known threats, if other means are actually not sufficient. So it is a bulk medium. It is a bulk medium, absolutely, that is.
De_Dienst_afl_4_seg_100;0 days 00:27:18;0 days 00:27:27;Liesbeth; En dat is een zwaar middel. Als die gebeurt, dan komt er een hele hoop data binnen... waarvan ook een heel groot deel niet belangrijk is, niet bruikbaar is.; Because if that interception, if that happens, then a lot of data comes in, of which a large part is not important, is not usable.
De_Dienst_afl_4_seg_101;0 days 00:27:27;0 days 00:27:57;Mark; Ja, dat klopt. Dus naast het regime om toestemming te verkrijgen... hebben we ook nog een relevantieregime. En we hebben ook nog een vernieteringsregime. Dus data die niet gebruikt wordt... die wordt sowieso verwijderd na een jaar. Data die niet relevant wordt verklaard, wordt ook verwijderd. Dus zo zijn er los van de toestemming nog allerlei andere waarborgen... om te zorgen dat die datastroom beheersbaar is... en dat er alleen maar de juiste data overblijft.; Yes, that's right. So in addition to the regime to get permission, we also have a relevancy regime. And we also have a destruction regime. So data that is not used will be deleted anyway after a year. Data that is not relevant will also be deleted. So, apart from the permission, there are still all kinds of other guarantees to ensure that that data stream is manageable
De_Dienst_afl_4_seg_102;0 days 00:28:00;0 days 00:28:39;Liesbeth; Die datastroom waar Marc het over heeft... is niet een duidelijk overzicht waar je simpelweg uit kunt halen wat je nodig hebt. Het is een gigantische bak data, eentjes en nulletjes dus... waar dan met de juiste toestemming, techniek en slimme mensen... de informatie die nodig is uitgedistilleerd kan worden. Laten we dit nog net wat concreter maken door onze zaak erbij te pakken. We weten dat Sander naar het vliegveld in Cairo is gevlogen... en we vermoeden dat hij een reis naar het IS-trainingskamp in Libië zal ondernemen. Zijn eigen telefoon liet hij achter in Nederland... maar het is natuurlijk best aannemelijk... dat hij daar een nieuwe lokale telefoon heeft gekregen. Op welke manier kan kabelinterceptie ons dan helpen hem te vinden? Wat we zouden kunnen doen is kijken...; and that only the right data remains. What the data stream market is about is not a clear overview where you can simply get what you need. It is a gigantic box of data, ones and zeros, where with the right permission, technique and smart people the information that is needed can be distilled. Let's make this a little more concrete by taking our case into account. We know that Sander flew to the airport in Cairo. And we suspect that he will undertake a trip to the IS training camp in Libya. He left his own phone behind in the Netherlands, but of course it is quite acceptable that he got a new local phone there. How can cable interception help us find him?
De_Dienst_afl_4_seg_103;0 days 00:28:39;0 days 00:28:45;Mark; want je zei al dat die route was vrij uniek. Hij heeft contact met een Anas...; What we could do is look. Because you said that route was quite unique, right?
De_Dienst_afl_4_seg_104;0 days 00:28:45;0 days 00:28:57;Liesbeth; en die is leidinggevende van een trainingskamp in Libië. Dus het is aannemelijk dat hij die route zou gaan afleggen. Oké. De combinatie van Anas, zijn gegevens of zijn telefoonnummer...; He has contact with one Anas and he is the leader of a training camp in Libya. So it is assumed that he would deploy that route.
De_Dienst_afl_4_seg_105;0 days 00:28:57;0 days 00:29:24;Mark; en de route die hij gaat afleggen... die zouden we kunnen leggen op de geïncepteerde data. En als we bereid zijn... dan zouden we de geïncepteerde data... op de geïncepteerde data. En als we bereik hebben, dat is natuurlijk wel een randvoorwaarde... we moeten wel zicht hebben op wat er op die route zich afspeelt. Maar mocht dat het geval zijn, dan is de kans vrij groot... dat we hem op die manier kunnen vinden.; The combination of Anas, his phone number, and the route that he is going to deploy, we could put on the intercepted data. And if we have reach, that is of course a boundary condition, we need to have a view of what plays out on that route. But if that is the case, then it is quite likely that we can find him that way.
De_Dienst_afl_4_seg_106;0 days 00:29:24;0 days 00:29:33;Liesbeth; Omdat zijn data van zijn telefoon... die hij waarschijnlijk daar heeft aangeschaft of gekregen heeft... dan overeenkomt met de data die op de kabel is geïncepteerd?; Because his data from his phone, which he probably bought or received there, then coincides with the data that is intercepted on the cable?
De_Dienst_afl_4_seg_107;0 days 00:29:33;0 days 00:29:51;Mark; Ja, zijn data komt... we kunnen dan in ieder geval bevestigen dat hij over die route gaat. En op het moment dat hij dat doet... komt hij ook voor op onze data. Dus dan is het gericht zoeken naar data uit dat gebied? Ja.; Yes, his data comes ... We can at least confirm that he is going over that route. And the moment he does that, he also appears on our data. So then it is aimed at finding data from that area? Yes.
De_Dienst_afl_4_seg_108;0 days 00:29:51;0 days 00:29:54;Liesbeth; Kan dat ook zonder dat telefoonnummer?; Is that possible without that phone number?
De_Dienst_afl_4_seg_109;0 days 00:29:54;0 days 00:30:00;Mark; Jazeker, maar dan zouden we wel wat informatie moeten hebben... over contacten met wie hij in Libië of in Egypte...; Yes, of course. But then we would have to have some information about contacts with whom he would have contacts in Libya or Egypt.
De_Dienst_afl_4_seg_110;0 days 00:30:00;0 days 00:30:03;Liesbeth; We weten van één contactpersoon dat hij daar contact mee heeft gehad.; Yes, we just know from one contact person that he has had contact with there.
De_Dienst_afl_4_seg_111;0 days 00:30:03;0 days 00:30:06;Mark; Dan zouden we daarop kunnen zoeken.; Then we could look for that.
De_Dienst_afl_4_seg_112;0 days 00:30:06;0 days 00:30:21;Bart; Precies. Nou, Wiesbeth. Graag in één zin.; Exactly. Well, Wiesbitt. Yes. Please, in one sentence. What is cable interception actually?
De_Dienst_afl_4_seg_113;0 days 00:30:21;0 days 00:30:27;Mixed; Wat is kabelsinterceptie nou eigenlijk? Als je die goed hebt, dan ben je aangenomen als IVD'er.; And if you got that right, then you are accepted, because we are here again.
De_Dienst_afl_4_seg_114;0 days 00:30:27;0 days 00:30:55;Liesbeth; Jeetje, wat is kabelsinterceptie? Ik vond dat wel een van de ingewikkeldste verhalen om te begrijpen. Ja, is het ook. Met de audio heb je toch al snel een idee van... oh ja, zo zit dat. Maar met dit, het is zo technisch en zo complex en zo groot... dat ik ook nu met terugwerkende kracht... nog beter begrijp waarom die discussie zo hoog is opgeleid. In het land.; Geez, what is cable interception? I thought that was one of the most complicated stories to understand. Yes, it is. Yes. With the audio, you quickly have an idea of how it works. But with this, it is so technical and so complex and so big, that I now understand even better why that discussion has been trained so high in the country. Yes, why?
De_Dienst_afl_4_seg_115;0 days 00:30:55;0 days 00:31:04;Bart; Ja, waarom? Omwetendheid over is? Omdat het zo ondergrondelijk is.; Because there is a lot of ignorance about it? Because it is so underground. Yes.
De_Dienst_afl_4_seg_116;0 days 00:31:04;0 days 00:31:25;Liesbeth; Dus het is zo moeilijk om het te verkleinert... tot een simpele stelling waar je voor of tegen kunt zijn. Aan beide kanten zitten zoveel haken en ogen. Maar wat me nog wel duidelijk is... is dat het een heel ingrijpend middel is. Met een hele grote slagkracht.; So it is so difficult to narrow it down to a simple position where you can be for or against. I don't think so. On both sides there are so many hooks and eyes. Yes. But what is still clear to me is that it is a very aggressive medium. With a lot of power.
De_Dienst_afl_4_seg_117;0 days 00:31:26;0 days 00:31:29;Bart; Waar het nog niet zo eenvoudig is om hem in te zetten.; Yes. Where it is not so easy to put it in.
De_Dienst_afl_4_seg_118;0 days 00:31:29;0 days 00:31:35;Liesbeth; Nee, zeker niet. En los van de technische gedeelte is er ook nog een juridische gedeelte...; No, certainly not. And apart from the technical part, there is of course also a legal part about whether it is allowed at all.
De_Dienst_afl_4_seg_119;0 days 00:31:35;0 days 00:31:41;Bart; of het überhaupt mag. En zou jij het in dit geval wel of niet inzetten?; And what would you do in this case? Well, somewhere this sounds very attractive.
De_Dienst_afl_4_seg_120;0 days 00:31:41;0 days 00:32:24;Liesbeth; Ergens klinkt dit natuurlijk heel aantrekkelijk. We weten niet waar Sander is. We hebben een vermoeden waar hij heen gaat. En wat Mark uitlegde is dat er dan inderdaad wel... dat kabelinterceptie handig kan zijn om iemands locatie te vinden. Tegelijkertijd haal je ook de data van een hele hoop andere mensen binnen. En is het nog maar de vraag of je hem daadwerkelijk vindt in al die data. En de vraag is natuurlijk dan altijd... kan hetzelfde doel, namelijk Sander vinden... ook op een andere manier bereikt worden? En dat lijkt me door de hack op zijn contactpersoon in Libië... dat je daarbij dichter bij een eventueel resultaat zit dan via kabelinterceptie.; We don't know where Sander is. We have a suspicion of where he is going. And what Mark explained is that cable interception can be useful to find someone's location. At the same time, you also get the data from a lot of other people. And it is still the question of whether you actually find him in all that data. And the question is of course always, can the same goal, namely finding Sander, also be achieved in another way? Yes. And that seems to me, through the fence on his contact person in Libya, that there you are closer to a possible result than via cable interception.
De_Dienst_afl_4_seg_121;0 days 00:32:24;0 days 00:32:33;Bart; Daar ben je wel afhankelijk van of er wel of niet gebeld gaat worden. Ik denk dat het heel goed is om dit ook even met de juristen te spreken.; Yes, but that depends on whether it will be called or not. I think it's very good to talk to the lawyer about this.
De_Dienst_afl_4_seg_122;0 days 00:32:33;0 days 00:32:35;Liesbeth; Kan het? Mag het?; Can it?
De_Dienst_afl_4_seg_123;0 days 00:32:35;0 days 00:32:57;Bart; Wat zijn de mogelijkheden hiermee om dat gewoon wel te gaan verkennen? En dat is het mooie van zo'n onderzoek. Je kunt heel veel dingen tegelijkertijd doen. Je hoeft niet... Je moet wel natuurlijk eerst de meest lichte middelen inzetten. Maar tegelijkertijd kun je wel gaan verkennen... wat andere middelen eventueel zouden kunnen gaan opbrengen. Dat kunnen we nu gewoon gaan doen. Tegelijkertijd, andere middelen blijven ook gewoon doorgaan. En dus even kijken wat voor opbrengsten dat gaat geven.; Is it allowed? What are the possibilities to explore this? And that's the beauty of such research. You can do a lot of things at the same time. You don't have to. First of all, of course, you have to use the lightest means. But at the same time you can explore what other means could possibly be applied. We can just do that now. At the same time, other means also just keep going. So let's see what kind of application that will give.
De_Dienst_afl_4_seg_124;0 days 00:32:57;0 days 00:33:05;Liesbeth; Ja. Ik heb wel het idee dat het nu... als het een soort trechter is, dat het steeds kleiner wordt.; Yes. I do have the feeling that now, if it's a kind of tractor, it's getting smaller and smaller.
De_Dienst_afl_4_seg_125;0 days 00:33:05;0 days 00:33:08;Bart; Ja. Heb jij nog twijfels over Sander?; Yes. Do you still have doubts about Sander?
De_Dienst_afl_4_seg_126;0 days 00:33:11;0 days 00:33:15;Liesbeth; Ik denk dat het de correcte antwoord is om te zeggen... dat je altijd twijfels moet blijven hebben.; I think it's the right answer to say that you should always have doubts.
De_Dienst_afl_4_seg_127;0 days 00:33:15;0 days 00:33:17;Bart; Ja, dat is heel correct.; Yes, that's very correct.
De_Dienst_afl_4_seg_128;0 days 00:33:17;0 days 00:34:07;Liesbeth; Maar eigenlijk niet. Er is veel gebeurd deze dag. En toch zijn er ook nog een hele hoop vragen onbeantwoord. Wat is Sander van plan? Blijft hij in Egypte? Gaat hij inderdaad naar dat trainingskamp? Er zitten meerdere teams op deze zaak. Van OSINT tot het internationale CT-team. En we gaan onderzoeken of kabelinterceptie nodig is. En of het mag natuurlijk. Of we hiermee eindelijk weer zicht op Sander gaan krijgen... hoor je in de volgende aflevering. Dit was de vierde aflevering van De Dienst.; But actually not. There is a lot going on today. And yet there are still a lot of unanswered questions. What is Sander planning? Will he stay in Egypt? Is he indeed going to the training camp? There are several teams on this case, from Ossint to the international CT team. And we are going to investigate whether cable interception is necessary. And whether it is allowed, of course. Whether we will finally get a view of Sander with this, you will hear in the next episode. This was the fourth episode of De Dienst, a podcast by the AIVD. Subscribe now so you don't have to miss any of the research. And let us know what you think of this series via a review in your favorite podcast app.
